Step,Action,Reward
0,0,1.0
1,4,0.0
2,3,0.0
3,2,-2.0
4,0,1.0
5,4,0.0
6,2,-2.0
7,4,0.0
8,4,0.0
9,0,1.0
10,4,0.0
11,4,0.0
12,4,0.0
13,0,-1.0
14,0,1.0
15,4,0.0
16,4,0.0
17,0,-2.0
18,0,2.0
19,4,1.0
20,4,0.0
21,0,2.0
22,4,1.0
23,4,0.0
24,4,1.0
25,4,0.0
26,4,0.0
27,1,1.0
28,4,0.0
29,4,1.0
30,4,0.0
31,0,-1.0
32,0,1.0
33,0,-2.0
34,0,1.0
35,4,0.0
36,0,2.0
37,4,1.0
38,4,1.0
39,4,1.0
40,2,2.0
41,4,0.0
42,0,-1.0
43,0,1.0
44,4,1.0
45,4,1.0
46,0,-1.0
47,0,0.0
48,4,0.0
49,0,1.0
50,0,1.0
51,0,2.0
52,4,0.0
53,0,0.0
54,2,1.0
55,3,0.0
56,0,2.0
57,4,0.0
58,0,1.0
59,0,2.0
60,4,0.0
61,0,1.0
62,4,1.0
63,3,0.0
64,4,0.0
65,4,1.0
66,0,1.0
67,4,1.0
68,4,1.0
69,4,0.0
70,4,1.0
71,0,-2.0
72,0,-1.0
73,4,0.0
74,3,0.0
75,3,-2.0
76,0,1.0
77,0,2.0
78,4,1.0
79,4,1.0
80,4,1.0
81,4,1.0
82,4,1.0
83,4,1.0
84,0,-1.0
85,4,1.0
86,4,1.0
87,4,0.0
88,2,0.0
89,0,1.0
90,0,2.0
91,4,0.0
92,4,0.0
93,0,2.0
94,4,1.0
95,4,1.0
96,2,-2.0
97,0,2.0
98,4,1.0
99,2,-1.0
100,0,-1.0
101,0,1.0
102,0,1.0
103,4,0.0
104,0,2.0
105,4,0.0
106,4,1.0
107,4,0.0
108,2,-2.0
109,0,2.0
110,0,-1.0
111,4,0.0
112,4,1.0
113,4,0.0
114,0,2.0
115,4,0.0
116,0,1.0
117,0,2.0
118,0,0.0
119,4,0.0
120,0,1.0
121,0,1.0
122,4,0.0
123,4,0.0
124,2,0.0
125,0,1.0
126,0,-1.0
127,0,1.0
128,0,1.0
129,0,-2.0
130,2,1.0
131,4,1.0
132,4,1.0
133,0,1.0
134,4,1.0
135,4,1.0
136,4,0.0
137,0,2.0
138,0,1.0
139,4,1.0
140,4,1.0
141,4,0.0
142,4,0.0
143,0,1.0
144,0,1.0
145,0,-2.0
146,0,-1.0
147,0,2.0
148,4,1.0
149,0,-1.0
150,0,0.0
151,4,1.0
152,4,1.0
153,2,0.0
154,0,1.0
155,0,-1.0
156,4,1.0
157,4,1.0
158,0,-1.0
159,0,3.0
160,4,1.0
161,4,0.0
162,0,1.0
163,1,0.0
164,0,1.0
165,0,-1.0
166,0,0.0
167,4,0.0
168,0,0.0
169,4,0.0
170,0,1.0
171,0,1.0
172,4,1.0
173,4,1.0
174,4,1.0
175,4,1.0
176,4,0.0
177,4,1.0
178,2,-1.0
179,4,1.0
180,4,0.0
181,1,0.0
182,0,-1.0
183,4,1.0
184,4,1.0
185,4,0.0
186,4,1.0
187,2,0.0
188,4,1.0
189,3,0.0
190,4,0.0
191,0,-1.0
192,0,-1.0
193,4,0.0
194,0,2.0
195,4,1.0
196,4,1.0
197,0,-2.0
198,2,0.0
199,0,-1.0
200,4,1.0
201,4,1.0
202,4,0.0
203,4,0.0
204,0,2.0
205,4,1.0
206,4,0.0
207,0,-2.0
208,0,-1.0
209,0,1.0
210,0,0.0
211,0,0.0
212,4,0.0
213,0,1.0
214,0,-1.0
215,1,0.0
216,0,2.0
217,4,0.0
218,0,1.0
219,0,2.0
220,4,0.0
221,1,0.0
222,4,1.0
223,2,-2.0
224,4,0.0
225,4,0.0
226,0,2.0
227,0,-1.0
228,4,3.0
229,4,1.0
230,4,0.0
231,0,1.0
232,4,1.0
233,2,0.0
234,0,1.0
235,3,1.0
236,0,1.0
237,0,1.0
238,0,-1.0
239,0,2.0
240,4,1.0
241,4,0.0
242,0,0.0
243,0,-1.0
244,4,1.0
245,4,1.0
246,2,1.0
247,4,0.0
248,0,1.0
249,0,1.0
250,4,0.0
251,0,-1.0
252,4,1.0
253,4,1.0
254,0,-2.0
255,0,2.0
256,4,0.0
257,4,0.0
258,0,2.0
259,4,1.0
260,4,1.0
261,4,0.0
262,0,-1.0
263,0,2.0
264,4,2.0
265,4,0.0
266,0,-2.0
267,0,-1.0
268,0,1.0
269,0,1.0
270,0,0.0
271,4,1.0
272,4,0.0
273,4,0.0
274,0,-1.0
275,0,2.0
276,2,-1.0
277,4,1.0
278,0,2.0
279,4,0.0
280,0,1.0
281,3,0.0
282,4,1.0
283,4,1.0
284,0,-2.0
285,0,2.0
286,2,1.0
287,4,0.0
288,0,1.0
289,2,1.0
290,4,0.0
291,0,1.0
292,0,2.0
293,4,2.0
294,4,1.0
295,4,0.0
296,0,-1.0
297,0,1.0
298,0,2.0
299,4,1.0
300,4,1.0
301,4,1.0
302,4,0.0
303,4,0.0
304,4,1.0
305,4,1.0
306,4,1.0
307,4,0.0
308,4,1.0
309,0,-1.0
310,0,-2.0
311,4,1.0
312,4,1.0
313,4,0.0
314,0,2.0
315,3,0.0
316,0,2.0
317,4,0.0
318,4,0.0
319,4,0.0
320,0,2.0
321,4,1.0
322,4,1.0
323,4,0.0
324,0,2.0
325,0,-2.0
326,0,2.0
327,0,2.0
328,4,0.0
329,0,1.0
330,4,1.0
331,4,0.0
332,3,0.0
333,4,0.0
334,0,-1.0
335,0,1.0
336,0,3.0
337,4,0.0
338,4,1.0
339,4,1.0
340,4,0.0
341,4,1.0
342,0,-1.0
343,4,2.0
344,4,1.0
345,4,2.0
346,1,0.0
347,3,0.0
348,0,1.0
349,0,-1.0
350,0,0.0
351,4,2.0
352,4,1.0
353,4,0.0
354,4,1.0
355,4,1.0
356,0,0.0
357,4,1.0
358,0,0.0
359,0,1.0
360,4,1.0
361,4,0.0
362,4,0.0
363,2,-1.0
364,1,0.0
365,4,0.0
366,0,2.0
367,4,1.0
368,4,1.0
369,4,1.0
370,4,1.0
371,0,2.0
372,4,0.0
373,0,-1.0
374,3,0.0
375,2,1.0
376,4,0.0
377,4,-2.0
378,4,1.0
379,4,1.0
380,4,1.0
381,2,-2.0
382,4,0.0
383,4,1.0
384,4,0.0
385,4,0.0
386,4,-1.0
387,0,0.0
388,4,0.0
389,0,2.0
390,4,0.0
391,0,1.0
392,0,1.0
393,0,1.0
394,4,2.0
395,4,0.0
396,0,2.0
397,0,1.0
398,0,2.0
399,4,0.0
400,0,-2.0
401,0,2.0
402,4,0.0
403,0,2.0
404,0,3.0
405,0,2.0
406,4,0.0
407,0,1.0
408,0,0.0
409,4,0.0
410,0,1.0
411,0,-1.0
412,4,0.0
413,3,1.0
414,0,2.0
415,4,1.0
416,2,0.0
417,0,1.0
418,0,2.0
419,0,-1.0
420,4,1.0
421,4,1.0
422,4,0.0
423,0,-1.0
424,4,1.0
425,4,0.0
426,0,0.0
427,0,-1.0
428,0,2.0
429,0,-2.0
430,0,0.0
431,0,1.0
432,0,2.0
433,0,2.0
434,4,0.0
435,0,2.0
436,4,1.0
437,2,0.0
438,0,3.0
439,4,0.0
440,4,0.0
441,0,0.0
442,4,1.0
443,0,1.0
444,4,1.0
445,4,1.0
446,0,-1.0
447,4,1.0
448,0,-2.0
449,0,1.0
450,4,0.0
451,0,-1.0
452,0,-2.0
453,4,0.0
454,0,0.0
455,2,-2.0
456,0,2.0
457,4,1.0
458,4,1.0
459,4,-1.0
460,0,2.0
461,0,-2.0
462,0,0.0
463,4,1.0
464,4,1.0
465,4,2.0
466,0,-1.0
467,4,1.0
468,4,1.0
469,0,-1.0
470,0,-1.0
471,4,0.0
472,0,2.0
473,4,1.0
474,0,1.0
475,4,1.0
476,3,0.0
477,3,0.0
478,4,1.0
479,4,0.0
480,1,0.0
481,0,1.0
482,4,0.0
483,0,-1.0
484,2,0.0
485,0,-1.0
486,0,-1.0
487,0,1.0
488,0,1.0
489,0,2.0
490,4,0.0
491,4,0.0
492,1,1.0
493,4,0.0
494,4,0.0
495,0,3.0
496,4,1.0
497,2,-2.0
498,0,1.0
499,0,2.0
500,4,0.0
501,4,0.0
502,4,0.0
503,0,2.0
504,4,0.0
505,3,0.0
506,0,1.0
507,4,0.0
508,0,2.0
509,0,2.0
510,1,-2.0
511,2,0.0
512,0,1.0
513,4,1.0
514,4,0.0
515,0,1.0
516,0,2.0
517,0,-2.0
518,0,1.0
519,0,0.0
520,4,0.0
521,2,-1.0
522,4,0.0
523,4,0.0
524,2,0.0
525,4,0.0
526,0,1.0
527,0,1.0
528,4,0.0
529,0,1.0
530,4,0.0
531,4,0.0
532,4,1.0
533,4,0.0
534,0,0.0
535,2,1.0
536,0,1.0
537,0,1.0
538,0,1.0
539,4,2.0
540,2,0.0
541,0,-2.0
542,0,2.0
543,2,0.0
544,0,2.0
545,0,3.0
546,4,1.0
547,0,1.0
548,0,-1.0
549,2,0.0
550,0,1.0
551,4,0.0
552,0,1.0
553,0,1.0
554,4,0.0
555,0,1.0
556,4,1.0
557,4,0.0
558,0,1.0
559,2,0.0
560,0,2.0
561,4,0.0
562,0,-1.0
563,0,0.0
564,4,0.0
565,0,-1.0
566,0,2.0
567,0,0.0
568,4,0.0
569,4,0.0
570,4,1.0
571,4,0.0
572,4,1.0
573,4,0.0
574,4,1.0
575,4,1.0
576,4,0.0
577,0,-2.0
578,0,2.0
579,4,1.0
580,4,1.0
581,4,0.0
582,4,0.0
583,0,2.0
584,4,0.0
585,0,2.0
586,1,0.0
587,4,1.0
588,4,1.0
589,4,0.0
590,2,1.0
591,4,1.0
592,3,0.0
593,0,1.0
594,0,2.0
595,0,0.0
596,4,2.0
597,4,1.0
598,4,0.0
599,0,-1.0
600,0,2.0
601,4,0.0
602,4,0.0
603,0,1.0
604,4,0.0
605,3,1.0
606,0,1.0
607,4,1.0
608,4,0.0
609,0,1.0
610,0,1.0
611,0,2.0
612,4,0.0
613,0,3.0
614,0,-1.0
615,0,1.0
616,4,1.0
617,0,-1.0
618,0,-1.0
619,4,0.0
620,0,3.0
621,4,1.0
622,0,2.0
623,4,1.0
624,2,-1.0
625,4,0.0
626,4,0.0
627,4,0.0
628,4,1.0
629,2,-2.0
630,0,-2.0
631,0,-1.0
632,0,-2.0
633,0,1.0
634,0,-2.0
635,0,2.0
636,4,1.0
637,0,0.0
638,4,1.0
639,4,0.0
640,0,1.0
641,0,2.0
642,2,-2.0
643,0,-1.0
644,4,0.0
645,0,1.0
646,4,0.0
647,4,1.0
648,4,0.0
649,0,-1.0
650,4,-2.0
651,4,0.0
652,4,0.0
653,0,3.0
654,0,3.0
655,4,0.0
656,0,2.0
657,4,0.0
658,0,0.0
659,0,-2.0
660,0,1.0
661,4,0.0
662,0,0.0
663,4,1.0
664,0,1.0
665,0,1.0
666,0,1.0
667,4,0.0
668,0,-1.0
669,4,1.0
670,3,0.0
671,0,3.0
672,4,0.0
673,4,0.0
674,3,1.0
675,4,0.0
676,0,-1.0
677,4,0.0
678,0,-1.0
679,4,0.0
680,2,0.0
681,2,-2.0
682,0,-2.0
683,0,1.0
684,0,2.0
685,0,2.0
686,4,0.0
687,0,2.0
688,0,-1.0
689,2,0.0
690,4,0.0
691,0,1.0
692,0,-2.0
693,4,2.0
694,2,-1.0
695,2,1.0
696,4,1.0
697,2,0.0
698,2,0.0
699,1,0.0
700,4,1.0
701,4,0.0
702,0,-1.0
703,4,1.0
704,2,-2.0
705,0,-2.0
706,0,2.0
707,4,1.0
708,4,1.0
709,4,0.0
710,2,1.0
711,1,0.0
712,0,2.0
713,0,1.0
714,0,1.0
715,0,1.0
716,2,0.0
717,4,1.0
718,4,0.0
719,0,1.0
720,3,1.0
721,4,0.0
722,0,1.0
723,0,2.0
724,4,0.0
725,0,2.0
726,4,1.0
727,4,1.0
728,4,1.0
729,4,1.0
730,4,0.0
731,3,1.0
732,4,0.0
733,4,1.0
734,4,0.0
735,0,1.0
736,4,1.0
737,4,0.0
738,2,2.0
739,4,1.0
740,0,-2.0
741,0,1.0
742,0,-2.0
743,4,1.0
744,0,1.0
745,0,-1.0
746,4,1.0
747,4,1.0
748,4,2.0
749,4,1.0
750,0,-1.0
751,0,3.0
752,4,1.0
753,4,0.0
754,4,0.0
755,4,0.0
756,0,2.0
757,4,1.0
758,2,0.0
759,2,0.0
760,4,1.0
761,4,0.0
762,0,1.0
763,0,-1.0
764,4,1.0
765,0,0.0
766,4,1.0
767,0,-1.0
768,0,1.0
769,0,-1.0
770,0,1.0
771,0,-1.0
772,4,0.0
773,2,1.0
774,1,0.0
775,0,1.0
776,0,1.0
777,4,0.0
778,4,0.0
779,3,0.0
780,0,2.0
781,4,0.0
782,2,0.0
783,0,2.0
784,4,0.0
785,4,1.0
786,4,0.0
787,4,1.0
788,4,1.0
789,4,1.0
790,2,-2.0
791,2,-1.0
792,4,0.0
793,4,0.0
794,0,2.0
795,4,0.0
796,4,1.0
797,4,0.0
798,0,1.0
799,2,0.0
800,3,1.0
801,4,0.0
802,4,0.0
803,0,2.0
804,4,1.0
805,4,1.0
806,4,0.0
807,4,0.0
808,4,2.0
809,4,0.0
810,0,1.0
811,4,2.0
812,4,0.0
813,0,2.0
814,0,1.0
815,0,0.0
816,4,1.0
817,4,1.0
818,4,0.0
819,0,2.0
820,2,1.0
821,2,-2.0
822,0,2.0
823,4,0.0
824,0,-1.0
825,2,1.0
826,4,2.0
827,4,0.0
828,0,2.0
829,2,-2.0
830,4,1.0
831,4,0.0
832,0,-2.0
833,0,-1.0
834,0,0.0
835,2,-2.0
836,0,1.0
837,0,2.0
838,4,1.0
839,0,-1.0
840,4,0.0
841,0,2.0
842,4,0.0
843,0,1.0
844,2,-2.0
845,0,1.0
846,0,-1.0
847,4,0.0
848,0,2.0
849,4,0.0
850,0,2.0
851,4,0.0
852,3,0.0
853,0,1.0
854,4,1.0
855,4,0.0
856,0,0.0
857,4,0.0
858,4,1.0
859,4,1.0
860,4,1.0
861,4,0.0
862,0,-2.0
863,0,1.0
864,0,1.0
865,0,1.0
866,0,1.0
867,0,2.0
868,4,1.0
869,4,0.0
870,0,1.0
871,4,0.0
872,4,0.0
873,0,3.0
874,4,0.0
875,0,1.0
876,0,2.0
877,4,1.0
878,0,0.0
879,4,1.0
880,2,1.0
881,4,2.0
882,4,0.0
883,4,0.0
884,2,-2.0
885,3,0.0
886,0,2.0
887,4,1.0
888,4,1.0
889,3,0.0
890,0,2.0
891,4,0.0
892,4,1.0
893,2,-2.0
894,0,1.0
895,0,2.0
896,4,1.0
897,0,2.0
898,4,1.0
899,4,0.0
900,0,2.0
901,4,0.0
902,0,2.0
903,4,0.0
904,4,0.0
905,0,2.0
906,4,0.0
907,4,1.0
908,4,0.0
909,0,1.0
910,4,1.0
911,4,0.0
912,0,2.0
913,4,1.0
914,4,1.0
915,4,0.0
916,4,1.0
917,4,0.0
918,0,1.0
919,0,2.0
920,4,0.0
921,0,2.0
922,4,0.0
923,4,1.0
924,4,1.0
925,4,1.0
926,4,1.0
927,2,-2.0
928,0,2.0
929,0,2.0
930,4,0.0
931,0,2.0
932,4,1.0
933,4,0.0
934,0,1.0
935,4,2.0
936,4,0.0
937,0,1.0
938,4,0.0
939,0,1.0
940,4,0.0
941,0,1.0
942,0,2.0
943,4,0.0
944,4,2.0
945,4,1.0
946,4,0.0
947,4,1.0
948,4,0.0
949,0,1.0
950,0,-1.0
951,4,1.0
952,4,0.0
953,0,-1.0
954,4,0.0
955,0,-1.0
956,0,1.0
957,0,2.0
958,2,-1.0
959,0,-5.0
960,0,1.0
961,2,1.0
962,2,-1.0
963,4,0.0
964,0,1.0
965,0,1.0
966,4,-1.0
967,4,-1.0
968,0,2.0
969,1,0.0
970,4,0.0
971,0,1.0
972,0,2.0
973,4,0.0
974,0,1.0
975,0,1.0
976,4,0.0
977,0,0.0
978,4,1.0
979,4,1.0
980,0,-2.0
981,3,1.0
982,4,0.0
983,0,1.0
984,3,0.0
985,0,1.0
986,0,0.0
987,4,0.0
988,2,1.0
989,4,1.0
990,4,0.0
991,4,0.0
992,4,1.0
993,4,0.0
994,2,0.0
995,0,1.0
996,0,-2.0
997,0,0.0
998,1,1.0
999,4,0.0
1000,0,1.0
1001,0,0.0
1002,4,0.0
1003,0,2.0
1004,0,-2.0
1005,0,2.0
1006,4,0.0
1007,3,0.0
1008,0,1.0
1009,0,1.0
1010,4,1.0
1011,4,0.0
1012,0,2.0
1013,4,1.0
1014,4,0.0
1015,0,0.0
1016,1,1.0
1017,4,1.0
1018,4,0.0
1019,3,0.0
1020,0,0.0
1021,4,1.0
1022,2,-2.0
1023,0,-1.0
1024,0,1.0
1025,4,1.0
1026,4,1.0
1027,4,1.0
1028,2,-1.0
1029,4,1.0
1030,0,-1.0
1031,0,2.0
1032,4,0.0
1033,4,0.0
1034,0,1.0
1035,0,-1.0
1036,4,0.0
1037,4,0.0
1038,3,0.0
1039,0,2.0
1040,1,0.0
1041,4,1.0
1042,4,1.0
1043,4,0.0
1044,0,1.0
1045,0,2.0
1046,2,0.0
1047,4,0.0
1048,0,-2.0
1049,1,1.0
1050,4,0.0
1051,4,0.0
1052,0,-2.0
1053,0,-1.0
1054,0,0.0
1055,4,1.0
1056,1,0.0
1057,0,2.0
1058,4,1.0
1059,0,2.0
1060,4,-2.0
1061,4,1.0
1062,0,1.0
1063,4,0.0
1064,4,1.0
1065,4,1.0
1066,4,0.0
1067,3,1.0
1068,0,-2.0
1069,0,1.0
1070,2,0.0
1071,0,1.0
1072,0,0.0
1073,4,1.0
1074,4,0.0
1075,2,1.0
1076,4,0.0
1077,4,0.0
1078,0,1.0
1079,4,1.0
1080,0,0.0
1081,4,0.0
1082,4,1.0
1083,0,-1.0
1084,0,1.0
1085,4,1.0
1086,4,0.0
1087,0,1.0
1088,4,0.0
1089,0,0.0
1090,4,1.0
1091,4,1.0
1092,4,2.0
1093,4,0.0
1094,0,2.0
1095,0,-1.0
1096,0,-2.0
1097,0,2.0
1098,4,1.0
1099,4,0.0
1100,0,-1.0
1101,0,1.0
1102,4,1.0
1103,2,-1.0
1104,0,0.0
1105,4,2.0
1106,4,0.0
1107,4,2.0
1108,4,0.0
1109,4,1.0
1110,4,0.0
1111,0,-2.0
1112,4,1.0
1113,2,1.0
1114,4,1.0
1115,4,0.0
1116,0,1.0
1117,1,1.0
1118,4,0.0
1119,0,1.0
1120,2,0.0
1121,0,0.0
1122,2,-1.0
1123,4,1.0
1124,2,0.0
1125,4,0.0
1126,0,-2.0
1127,0,2.0
1128,4,1.0
1129,4,1.0
1130,4,0.0
1131,0,-1.0
1132,0,-1.0
1133,1,-1.0
1134,0,1.0
1135,0,2.0
1136,4,0.0
1137,4,0.0
1138,0,1.0
1139,0,2.0
1140,0,2.0
1141,0,-1.0
1142,2,-2.0
1143,0,1.0
1144,4,1.0
1145,0,0.0
1146,4,0.0
1147,0,-1.0
1148,4,-1.0
1149,4,1.0
1150,4,0.0
1151,4,0.0
1152,0,1.0
1153,4,0.0
1154,0,1.0
1155,0,2.0
1156,4,0.0
1157,4,1.0
1158,4,0.0
1159,4,0.0
1160,0,1.0
1161,4,0.0
1162,4,2.0
1163,4,1.0
1164,4,0.0
1165,3,0.0
1166,4,1.0
1167,0,-1.0
1168,0,-1.0
1169,4,0.0
1170,2,1.0
1171,1,3.0
1172,0,-1.0
1173,0,1.0
1174,0,3.0
1175,1,1.0
1176,4,0.0
1177,3,0.0
1178,0,1.0
1179,4,1.0
1180,4,0.0
1181,0,-1.0
1182,4,0.0
1183,0,0.0
1184,2,0.0
1185,4,0.0
1186,4,0.0
1187,0,2.0
1188,4,1.0
1189,2,-1.0
1190,1,-2.0
1191,4,0.0
1192,0,1.0
1193,4,1.0
1194,2,0.0
1195,0,1.0
1196,0,2.0
1197,2,0.0
1198,0,2.0
1199,4,1.0
1200,4,0.0
1201,0,2.0
1202,4,0.0
1203,2,-1.0
1204,0,0.0
1205,4,2.0
1206,4,0.0
1207,4,1.0
1208,4,0.0
1209,0,0.0
1210,4,1.0
1211,2,-2.0
1212,0,1.0
1213,0,2.0
1214,2,-2.0
1215,0,2.0
1216,3,1.0
1217,4,1.0
1218,4,1.0
1219,4,0.0
1220,0,1.0
1221,0,-2.0
1222,4,2.0
1223,4,1.0
1224,4,1.0
1225,4,1.0
1226,4,0.0
1227,4,0.0
1228,4,1.0
1229,1,0.0
1230,4,1.0
1231,4,2.0
1232,4,0.0
1233,0,1.0
1234,0,-2.0
1235,4,2.0
1236,0,-1.0
1237,4,1.0
1238,4,1.0
1239,4,1.0
1240,0,0.0
1241,2,1.0
1242,4,0.0
1243,4,0.0
1244,0,3.0
1245,4,0.0
1246,4,2.0
1247,1,0.0
1248,0,1.0
1249,4,0.0
1250,0,1.0
1251,0,1.0
1252,4,0.0
1253,0,2.0
1254,4,0.0
1255,3,2.0
1256,4,0.0
1257,4,0.0
1258,0,-1.0
1259,4,0.0
1260,0,2.0
1261,4,0.0
1262,0,1.0
1263,0,2.0
1264,4,1.0
1265,4,1.0
1266,4,1.0
1267,4,0.0
1268,0,-1.0
1269,0,0.0
1270,4,0.0
1271,4,0.0
1272,0,1.0
1273,0,2.0
1274,4,0.0
1275,0,-2.0
1276,4,1.0
1277,4,0.0
1278,4,0.0
1279,0,2.0
1280,4,1.0
1281,4,1.0
1282,4,0.0
1283,0,-1.0
1284,0,4.0
1285,4,0.0
1286,0,-1.0
1287,4,0.0
1288,3,0.0
1289,0,0.0
1290,4,0.0
1291,0,-2.0
1292,0,4.0
1293,0,0.0
1294,4,1.0
1295,4,1.0
1296,4,1.0
1297,4,0.0
1298,0,2.0
1299,2,2.0
1300,4,1.0
1301,0,-1.0
1302,4,0.0
1303,0,2.0
1304,4,1.0
1305,3,1.0
1306,4,1.0
1307,4,0.0
1308,0,2.0
1309,4,1.0
1310,4,1.0
1311,4,0.0
1312,4,0.0
1313,4,-1.0
1314,0,1.0
1315,0,1.0
1316,0,-1.0
1317,0,2.0
1318,4,1.0
1319,4,2.0
1320,4,1.0
1321,4,0.0
1322,4,0.0
1323,0,2.0
1324,4,0.0
1325,4,-1.0
1326,4,1.0
1327,0,-1.0
1328,4,0.0
1329,0,0.0
1330,4,1.0
1331,4,0.0
1332,0,2.0
1333,4,0.0
1334,0,3.0
1335,4,0.0
1336,3,1.0
1337,0,2.0
1338,0,0.0
1339,0,-1.0
1340,0,1.0
1341,0,-1.0
1342,4,0.0
1343,4,1.0
1344,4,1.0
1345,4,0.0
1346,0,1.0
1347,0,2.0
1348,4,1.0
1349,4,0.0
1350,0,-2.0
1351,0,1.0
1352,4,0.0
1353,0,-1.0
1354,4,1.0
1355,4,1.0
1356,4,1.0
1357,4,0.0
1358,0,0.0
1359,4,0.0
1360,0,2.0
1361,3,1.0
1362,4,0.0
1363,0,2.0
1364,4,0.0
1365,0,2.0
1366,4,0.0
1367,0,1.0
1368,0,2.0
1369,4,1.0
1370,4,1.0
1371,4,0.0
1372,1,0.0
1373,0,-2.0
1374,0,-2.0
1375,0,0.0
1376,4,0.0
1377,0,-1.0
1378,4,0.0
1379,0,2.0
1380,0,-2.0
1381,4,0.0
1382,0,0.0
1383,4,1.0
1384,4,0.0
1385,4,1.0
1386,4,1.0
1387,4,0.0
1388,0,2.0
1389,4,0.0
1390,0,1.0
1391,1,0.0
1392,0,1.0
1393,4,1.0
1394,4,0.0
1395,0,1.0
1396,3,0.0
1397,0,1.0
1398,4,2.0
1399,1,1.0
1400,4,-1.0
1401,2,-1.0
1402,0,2.0
1403,4,1.0
1404,0,1.0
1405,0,-2.0
1406,0,1.0
1407,2,0.0
1408,4,1.0
1409,4,0.0
1410,4,0.0
1411,0,1.0
1412,3,0.0
1413,4,0.0
1414,3,1.0
1415,4,1.0
1416,4,1.0
1417,4,1.0
1418,0,-1.0
1419,0,1.0
1420,2,-2.0
1421,4,0.0
1422,0,-1.0
1423,4,1.0
1424,4,0.0
1425,0,2.0
1426,4,1.0
1427,4,1.0
1428,4,0.0
1429,0,2.0
1430,4,1.0
1431,2,0.0
1432,0,1.0
1433,0,1.0
1434,0,0.0
1435,0,0.0
1436,4,0.0
1437,0,2.0
1438,4,1.0
1439,4,0.0
1440,0,-1.0
1441,4,1.0
1442,4,0.0
1443,4,1.0
1444,4,0.0
1445,3,1.0
1446,0,0.0
1447,4,1.0
1448,0,2.0
1449,4,0.0
1450,4,0.0
1451,4,0.0
1452,0,-1.0
1453,0,0.0
1454,0,-1.0
1455,4,0.0
1456,4,1.0
1457,4,0.0
1458,3,0.0
1459,3,1.0
1460,4,0.0
1461,1,1.0
1462,0,-1.0
1463,4,0.0
1464,4,1.0
1465,0,0.0
1466,4,-1.0
1467,2,0.0
1468,0,1.0
1469,4,0.0
1470,4,1.0
1471,4,2.0
1472,4,1.0
1473,4,0.0
1474,4,0.0
1475,0,1.0
1476,0,0.0
1477,2,0.0
1478,0,2.0
1479,4,0.0
1480,0,2.0
1481,4,0.0
1482,0,1.0
1483,0,2.0
1484,4,0.0
1485,2,1.0
1486,4,1.0
1487,0,-1.0
1488,0,-1.0
1489,4,0.0
1490,0,3.0
1491,4,1.0
1492,2,0.0
1493,0,2.0
1494,2,-2.0
1495,0,1.0
1496,4,0.0
1497,0,2.0
1498,4,1.0
1499,4,1.0
1500,4,0.0
1501,0,2.0
1502,4,0.0
1503,3,0.0
1504,0,2.0
1505,4,0.0
1506,2,0.0
1507,0,2.0
1508,0,0.0
1509,4,1.0
1510,0,-1.0
1511,3,0.0
1512,4,1.0
1513,2,-2.0
1514,0,-1.0
1515,1,1.0
1516,4,0.0
1517,0,1.0
1518,4,0.0
1519,0,1.0
1520,4,1.0
1521,4,0.0
1522,0,-2.0
1523,0,1.0
1524,4,0.0
1525,0,0.0
1526,4,0.0
1527,0,2.0
1528,3,1.0
1529,2,1.0
1530,4,0.0
1531,2,0.0
1532,0,1.0
1533,2,-1.0
1534,4,1.0
1535,4,1.0
1536,0,1.0
1537,4,0.0
1538,0,1.0
1539,4,1.0
1540,4,0.0
1541,0,1.0
1542,4,1.0
1543,4,0.0
1544,0,1.0
1545,1,0.0
1546,4,0.0
1547,0,1.0
1548,2,-1.0
1549,4,1.0
1550,4,1.0
1551,4,1.0
1552,0,-2.0
1553,3,0.0
1554,0,1.0
1555,0,1.0
1556,2,1.0
1557,4,0.0
1558,0,2.0
1559,0,0.0
1560,4,0.0
1561,0,0.0
1562,4,0.0
1563,0,2.0
1564,4,1.0
1565,2,-1.0
1566,4,2.0
1567,4,0.0
1568,4,0.0
1569,3,0.0
1570,0,1.0
1571,4,1.0
1572,4,-1.0
1573,0,2.0
1574,2,0.0
1575,4,0.0
1576,0,2.0
1577,4,0.0
1578,0,1.0
1579,4,1.0
1580,0,1.0
1581,4,1.0
1582,1,0.0
1583,4,1.0
1584,4,2.0
1585,4,1.0
1586,4,0.0
1587,0,2.0
1588,0,-1.0
1589,4,1.0
1590,4,1.0
1591,4,1.0
1592,4,1.0
1593,4,1.0
1594,4,1.0
1595,4,0.0
1596,0,2.0
1597,2,0.0
1598,0,2.0
1599,4,0.0
1600,0,0.0
1601,4,0.0
1602,0,2.0
1603,4,0.0
1604,4,1.0
1605,0,0.0
1606,0,-1.0
1607,4,1.0
1608,4,1.0
1609,0,1.0
1610,0,0.0
1611,4,1.0
1612,4,0.0
1613,0,2.0
1614,4,1.0
1615,4,2.0
1616,4,1.0
1617,4,1.0
1618,4,0.0
1619,0,1.0
1620,0,0.0
1621,4,0.0
1622,4,0.0
1623,4,0.0
1624,1,1.0
1625,3,-2.0
1626,0,0.0
1627,4,1.0
1628,4,0.0
1629,0,2.0
1630,4,0.0
1631,0,1.0
1632,0,2.0
1633,4,-1.0
1634,1,2.0
1635,2,1.0
1636,4,1.0
1637,0,3.0
1638,0,0.0
1639,4,1.0
1640,4,2.0
1641,4,1.0
1642,0,2.0
1643,4,0.0
1644,2,0.0
1645,0,1.0
1646,4,1.0
1647,4,1.0
1648,4,1.0
1649,3,-2.0
1650,0,0.0
1651,4,0.0
1652,0,1.0
1653,0,0.0
1654,3,-2.0
1655,4,0.0
1656,4,0.0
1657,0,-2.0
1658,0,1.0
1659,4,0.0
1660,0,0.0
1661,4,1.0
1662,4,1.0
1663,4,1.0
1664,0,-1.0
1665,4,1.0
1666,4,-1.0
1667,0,2.0
1668,4,0.0
1669,2,0.0
1670,0,2.0
1671,4,0.0
1672,1,0.0
1673,0,-2.0
1674,1,1.0
1675,4,0.0
1676,0,-1.0
1677,4,2.0
1678,4,0.0
1679,4,1.0
1680,4,0.0
1681,4,1.0
1682,3,0.0
1683,1,1.0
1684,4,0.0
1685,0,-1.0
1686,4,0.0
1687,0,1.0
1688,4,1.0
1689,0,2.0
1690,4,1.0
1691,4,0.0
1692,0,1.0
1693,0,2.0
1694,4,0.0
1695,0,1.0
1696,0,2.0
1697,4,0.0
1698,0,1.0
1699,4,0.0
1700,4,4.0
1701,4,1.0
1702,4,1.0
1703,4,0.0
1704,1,0.0
1705,0,2.0
1706,4,0.0
1707,3,1.0
1708,2,-2.0
1709,0,1.0
1710,4,0.0
1711,4,1.0
1712,2,1.0
1713,4,1.0
1714,2,1.0
1715,4,1.0
1716,4,0.0
1717,0,-1.0
1718,4,0.0
1719,0,-1.0
1720,0,1.0
1721,0,2.0
1722,4,0.0
1723,0,0.0
1724,0,-1.0
1725,3,0.0
1726,0,2.0
1727,4,-1.0
1728,3,1.0
1729,4,1.0
1730,4,1.0
1731,4,0.0
1732,3,0.0
1733,3,0.0
1734,4,0.0
1735,0,2.0
1736,4,0.0
1737,0,3.0
1738,4,1.0
1739,4,3.0
1740,0,-1.0
1741,0,4.0
1742,2,0.0
1743,0,-2.0
1744,4,0.0
1745,2,-2.0
1746,0,2.0
1747,4,1.0
1748,3,0.0
1749,0,2.0
1750,4,1.0
1751,4,2.0
1752,0,-1.0
1753,0,1.0
1754,4,1.0
1755,4,0.0
1756,4,0.0
1757,4,1.0
1758,1,1.0
1759,0,2.0
1760,4,1.0
1761,2,2.0
1762,4,1.0
1763,0,0.0
1764,4,0.0
1765,4,1.0
1766,0,0.0
1767,4,1.0
1768,4,0.0
1769,0,1.0
1770,0,2.0
1771,4,1.0
1772,4,0.0
1773,4,0.0
1774,4,2.0
1775,4,0.0
1776,0,2.0
1777,4,0.0
1778,2,0.0
1779,4,0.0
1780,2,0.0
1781,2,-1.0
1782,4,1.0
1783,4,0.0
1784,0,1.0
1785,3,0.0
1786,0,2.0
1787,0,-1.0
1788,2,1.0
1789,4,1.0
1790,4,1.0
1791,4,0.0
1792,4,1.0
1793,4,0.0
1794,4,1.0
1795,0,0.0
1796,4,0.0
1797,0,2.0
1798,3,0.0
1799,4,1.0
1800,0,0.0
1801,4,1.0
1802,0,0.0
1803,4,1.0
1804,4,1.0
1805,4,0.0
1806,2,0.0
1807,2,0.0
1808,4,2.0
1809,4,0.0
1810,0,1.0
1811,0,2.0
1812,4,1.0
1813,4,0.0
1814,0,2.0
1815,4,1.0
1816,2,-2.0
1817,4,0.0
1818,0,2.0
1819,4,1.0
1820,0,-1.0
1821,2,-1.0
1822,0,2.0
1823,0,-1.0
1824,4,0.0
1825,4,1.0
1826,4,0.0
1827,0,-2.0
1828,0,0.0
1829,4,0.0
1830,4,1.0
1831,4,1.0
1832,4,1.0
1833,2,0.0
1834,0,-2.0
1835,0,2.0
1836,0,-2.0
1837,0,2.0
1838,0,-2.0
1839,4,0.0
1840,0,1.0
1841,4,0.0
1842,0,1.0
1843,0,2.0
1844,4,1.0
1845,4,0.0
1846,3,0.0
1847,4,0.0
1848,0,2.0
1849,4,0.0
1850,0,3.0
1851,4,0.0
1852,3,0.0
1853,0,-3.0
1854,4,0.0
1855,4,0.0
1856,0,-1.0
1857,4,0.0
1858,0,2.0
1859,4,2.0
1860,0,-1.0
1861,0,0.0
1862,4,1.0
1863,0,-2.0
1864,0,1.0
1865,0,3.0
1866,4,0.0
1867,0,1.0
1868,0,1.0
1869,0,0.0
1870,0,-1.0
1871,0,-2.0
1872,0,1.0
1873,0,2.0
1874,4,1.0
1875,4,1.0
1876,4,2.0
1877,4,1.0
1878,0,2.0
1879,0,-2.0
1880,0,-1.0
1881,4,1.0
1882,4,0.0
1883,4,1.0
1884,4,1.0
1885,4,0.0
1886,0,-1.0
1887,4,0.0
1888,0,1.0
1889,0,3.0
1890,4,1.0
1891,0,2.0
1892,4,1.0
1893,2,-2.0
1894,3,2.0
1895,0,2.0
1896,4,1.0
1897,4,1.0
1898,4,-1.0
1899,0,1.0
1900,0,2.0
1901,4,1.0
1902,0,1.0
1903,0,2.0
1904,2,-2.0
1905,2,-1.0
1906,4,0.0
1907,4,1.0
1908,4,0.0
1909,4,0.0
1910,0,2.0
1911,0,2.0
1912,4,0.0
1913,4,0.0
1914,0,1.0
1915,0,1.0
1916,0,-1.0
1917,4,0.0
1918,4,0.0
1919,0,1.0
1920,0,1.0
1921,0,1.0
1922,0,2.0
1923,1,1.0
1924,4,1.0
1925,4,0.0
1926,0,1.0
1927,0,1.0
1928,4,1.0
1929,0,-1.0
1930,4,1.0
1931,3,1.0
1932,4,0.0
1933,4,1.0
1934,4,0.0
1935,0,1.0
1936,3,1.0
1937,4,1.0
1938,2,0.0
1939,4,1.0
1940,4,0.0
1941,0,-1.0
1942,4,1.0
1943,0,-1.0
1944,3,0.0
1945,2,1.0
1946,4,0.0
1947,0,1.0
1948,4,1.0
1949,0,2.0
1950,2,1.0
1951,4,1.0
1952,4,2.0
1953,4,0.0
1954,4,1.0
1955,4,1.0
1956,1,0.0
1957,2,1.0
1958,4,0.0
1959,4,1.0
1960,0,-1.0
1961,0,1.0
1962,0,-2.0
1963,4,0.0
1964,0,3.0
1965,4,1.0
1966,4,1.0
1967,4,0.0
1968,4,1.0
1969,0,-1.0
1970,4,1.0
1971,4,1.0
1972,0,1.0
1973,4,0.0
1974,4,0.0
1975,0,0.0
1976,4,0.0
1977,4,1.0
1978,4,0.0
1979,0,2.0
1980,0,1.0
1981,0,-2.0
1982,0,1.0
1983,4,1.0
1984,4,-1.0
1985,0,2.0
1986,0,3.0
1987,4,1.0
1988,0,-2.0
1989,0,0.0
1990,4,1.0
1991,4,0.0
1992,0,-1.0
1993,0,-1.0
1994,0,1.0
1995,0,-1.0
1996,0,0.0
1997,4,0.0
1998,0,0.0
1999,4,1.0
2000,4,1.0
2001,0,-1.0
2002,0,1.0
2003,0,-2.0
2004,4,2.0
2005,2,-1.0
2006,4,0.0
2007,0,2.0
2008,4,0.0
2009,0,1.0
2010,4,2.0
2011,3,0.0
2012,0,2.0
2013,4,0.0
2014,4,0.0
2015,0,1.0
2016,0,2.0
2017,4,1.0
2018,4,0.0
2019,0,1.0
2020,4,0.0
2021,4,0.0
2022,4,-1.0
2023,4,1.0
2024,4,0.0
2025,0,0.0
2026,4,0.0
2027,0,1.0
2028,0,2.0
2029,4,0.0
2030,4,2.0
2031,4,0.0
2032,0,-1.0
2033,0,0.0
2034,4,0.0
2035,4,1.0
2036,4,0.0
2037,0,1.0
2038,0,2.0
2039,4,0.0
2040,2,-1.0
2041,4,1.0
2042,4,0.0
2043,4,0.0
2044,4,0.0
2045,4,1.0
2046,4,1.0
2047,4,1.0
2048,4,1.0
2049,4,0.0
2050,0,-1.0
2051,4,0.0
2052,4,0.0
2053,3,1.0
2054,4,0.0
2055,0,-1.0
2056,0,-1.0
2057,0,1.0
2058,0,2.0
2059,4,1.0
2060,4,1.0
2061,4,0.0
2062,1,-1.0
2063,4,0.0
2064,0,2.0
2065,3,1.0
2066,2,1.0
2067,3,1.0
2068,4,0.0
2069,4,1.0
2070,4,0.0
2071,0,1.0
2072,4,1.0
2073,4,0.0
2074,0,2.0
2075,4,0.0
2076,0,0.0
2077,4,0.0
2078,0,2.0
2079,4,1.0
2080,4,2.0
2081,4,1.0
2082,4,1.0
2083,4,1.0
2084,4,0.0
2085,3,0.0
2086,0,0.0
2087,4,1.0
2088,0,0.0
2089,4,1.0
2090,4,0.0
2091,0,1.0
2092,0,-1.0
2093,0,-2.0
2094,0,2.0
2095,4,1.0
2096,0,3.0
2097,4,1.0
2098,4,1.0
2099,4,0.0
2100,4,3.0
2101,4,0.0
2102,4,0.0
2103,0,-2.0
2104,0,1.0
2105,0,2.0
2106,4,2.0
2107,4,1.0
2108,4,1.0
2109,4,0.0
2110,0,0.0
2111,0,0.0
2112,4,1.0
2113,1,1.0
2114,4,1.0
2115,4,1.0
2116,0,-1.0
2117,0,2.0
2118,0,0.0
2119,4,1.0
2120,4,0.0
2121,0,0.0
2122,4,0.0
2123,2,1.0
2124,0,2.0
2125,4,-1.0
2126,0,1.0
2127,0,1.0
2128,4,0.0
2129,0,-1.0
2130,0,1.0
2131,2,0.0
2132,3,1.0
2133,0,-1.0
2134,1,1.0
2135,4,1.0
2136,0,-1.0
2137,4,0.0
2138,4,0.0
2139,4,1.0
2140,2,1.0
2141,4,0.0
2142,4,0.0
2143,0,1.0
2144,4,1.0
2145,2,0.0
2146,4,0.0
2147,0,2.0
2148,0,-2.0
2149,0,1.0
2150,0,2.0
2151,4,1.0
2152,4,0.0
2153,4,0.0
2154,0,1.0
2155,4,0.0
2156,2,-1.0
2157,4,0.0
2158,4,0.0
2159,4,0.0
2160,0,-1.0
2161,0,1.0
2162,0,2.0
2163,4,0.0
2164,4,0.0
2165,4,0.0
2166,0,1.0
2167,0,-2.0
2168,0,0.0
2169,0,2.0
2170,4,1.0
2171,0,-2.0
2172,0,1.0
2173,4,1.0
2174,4,0.0
2175,0,3.0
2176,0,-1.0
2177,0,1.0
2178,0,1.0
2179,0,-1.0
2180,0,-1.0
2181,0,3.0
2182,4,0.0
2183,0,1.0
2184,0,1.0
2185,0,1.0
2186,0,0.0
2187,0,2.0
2188,4,0.0
2189,4,1.0
2190,4,0.0
2191,0,1.0
2192,4,0.0
2193,4,0.0
2194,3,0.0
2195,4,1.0
2196,0,-1.0
2197,4,1.0
2198,2,0.0
2199,4,2.0
2200,4,1.0
2201,4,0.0
2202,0,2.0
2203,4,1.0
2204,4,0.0
2205,3,1.0
2206,4,0.0
2207,4,1.0
2208,4,1.0
2209,0,0.0
2210,4,0.0
2211,0,2.0
2212,2,0.0
2213,4,0.0
2214,0,1.0
2215,4,3.0
2216,0,1.0
2217,0,3.0
2218,4,0.0
2219,2,1.0
2220,4,0.0
2221,2,1.0
2222,3,1.0
2223,4,0.0
2224,0,-2.0
2225,0,1.0
2226,4,1.0
2227,4,0.0
2228,0,2.0
2229,0,1.0
2230,4,1.0
2231,2,1.0
2232,3,0.0
2233,2,-2.0
2234,0,-2.0
2235,4,0.0
2236,0,2.0
2237,4,1.0
2238,4,1.0
2239,4,0.0
2240,0,-1.0
2241,4,1.0
2242,4,0.0
2243,0,2.0
2244,3,1.0
2245,0,0.0
2246,4,0.0
2247,1,0.0
2248,0,-1.0
2249,0,2.0
2250,4,0.0
2251,0,-1.0
2252,4,2.0
2253,4,0.0
2254,0,1.0
2255,1,0.0
2256,0,2.0
2257,4,0.0
2258,0,1.0
2259,0,1.0
2260,3,1.0
2261,4,0.0
2262,1,0.0
2263,0,0.0
2264,4,1.0
2265,0,-1.0
2266,4,1.0
2267,4,0.0
2268,0,0.0
2269,4,0.0
2270,2,0.0
2271,4,1.0
2272,0,0.0
2273,4,0.0
2274,0,1.0
2275,0,1.0
2276,0,2.0
2277,2,0.0
2278,4,1.0
2279,0,-1.0
2280,4,2.0
2281,4,1.0
2282,4,0.0
2283,4,0.0
2284,0,1.0
2285,4,0.0
2286,0,1.0
2287,4,2.0
2288,4,0.0
2289,0,1.0
2290,0,2.0
2291,4,0.0
2292,0,3.0
2293,4,0.0
2294,3,1.0
2295,4,1.0
2296,0,1.0
2297,2,-1.0
2298,4,0.0
2299,0,1.0
2300,0,-1.0
2301,0,1.0
2302,0,2.0
2303,4,1.0
2304,4,0.0
2305,4,2.0
2306,4,0.0
2307,4,1.0
2308,4,0.0
2309,4,1.0
2310,3,0.0
2311,3,0.0
2312,0,2.0
2313,4,1.0
2314,2,-1.0
2315,4,1.0
2316,4,0.0
2317,3,0.0
2318,0,1.0
2319,4,1.0
2320,4,0.0
2321,0,-2.0
2322,2,0.0
2323,0,2.0
2324,4,0.0
2325,0,0.0
2326,4,0.0
2327,4,1.0
2328,0,1.0
2329,0,2.0
2330,4,0.0
2331,0,3.0
2332,4,1.0
2333,4,0.0
2334,0,1.0
2335,0,2.0
2336,4,1.0
2337,4,0.0
2338,0,2.0
2339,4,0.0
2340,3,1.0
2341,0,-2.0
2342,0,1.0
2343,3,0.0
2344,0,2.0
2345,4,0.0
2346,0,0.0
2347,4,0.0
2348,0,1.0
2349,0,2.0
2350,4,0.0
2351,0,2.0
2352,4,1.0
2353,4,0.0
2354,2,0.0
2355,0,2.0
2356,4,0.0
2357,4,0.0
2358,0,2.0
2359,4,1.0
2360,4,1.0
2361,4,0.0
2362,0,1.0
2363,0,1.0
2364,0,0.0
2365,4,0.0
2366,0,-2.0
2367,4,1.0
2368,2,1.0
2369,0,1.0
2370,0,0.0
2371,1,1.0
2372,0,-1.0
2373,4,0.0
2374,2,-2.0
2375,0,1.0
2376,0,2.0
2377,4,0.0
2378,0,1.0
2379,3,1.0
2380,4,1.0
2381,4,0.0
2382,0,2.0
2383,4,-1.0
2384,4,0.0
2385,0,1.0
2386,4,0.0
2387,1,-1.0
2388,4,1.0
2389,4,0.0
2390,0,2.0
2391,4,0.0
2392,0,0.0
2393,0,-1.0
2394,4,0.0
2395,4,0.0
2396,4,1.0
2397,4,0.0
2398,2,0.0
2399,0,3.0
2400,4,0.0
2401,0,3.0
2402,0,-1.0
2403,0,1.0
2404,4,0.0
2405,1,0.0
2406,0,2.0
2407,4,0.0
2408,4,0.0
2409,0,1.0
2410,0,1.0
2411,0,-1.0
2412,0,2.0
2413,4,0.0
2414,0,3.0
2415,0,1.0
2416,0,2.0
2417,4,0.0
2418,0,2.0
2419,0,-1.0
2420,0,1.0
2421,4,1.0
2422,4,1.0
2423,4,0.0
2424,4,1.0
2425,4,1.0
2426,0,-1.0
2427,4,2.0
2428,1,1.0
2429,0,0.0
2430,0,2.0
2431,4,1.0
2432,4,1.0
2433,0,2.0
2434,4,0.0
2435,4,1.0
2436,4,1.0
2437,4,1.0
2438,4,0.0
2439,0,2.0
2440,1,0.0
2441,0,-1.0
2442,0,2.0
2443,4,0.0
2444,0,2.0
2445,4,1.0
2446,4,0.0
2447,4,-1.0
2448,0,1.0
2449,4,0.0
2450,4,1.0
2451,3,0.0
2452,0,1.0
2453,4,1.0
2454,4,1.0
2455,4,-1.0
2456,3,0.0
2457,0,2.0
2458,4,1.0
2459,0,-1.0
2460,3,0.0
2461,4,1.0
2462,4,-1.0
2463,2,-1.0
2464,4,0.0
2465,0,2.0
2466,0,2.0
2467,4,2.0
2468,0,-1.0
2469,2,-2.0
2470,0,0.0
2471,4,1.0
2472,0,-1.0
2473,1,1.0
2474,4,0.0
2475,0,1.0
2476,4,1.0
2477,2,-1.0
2478,2,-2.0
2479,4,0.0
2480,4,0.0
2481,4,1.0
2482,4,0.0
2483,4,0.0
2484,0,1.0
2485,0,1.0
2486,4,0.0
2487,0,0.0
2488,0,-2.0
2489,4,-1.0
2490,3,1.0
2491,4,0.0
2492,0,-1.0
2493,4,0.0
2494,0,2.0
2495,4,1.0
2496,4,1.0
2497,4,0.0
2498,0,1.0
2499,0,1.0
2500,0,3.0
2501,4,1.0
2502,4,1.0
2503,4,1.0
2504,4,1.0
2505,2,-2.0
2506,0,-1.0
2507,0,-1.0
2508,4,1.0
2509,3,0.0
2510,0,1.0
2511,0,2.0
2512,4,1.0
2513,0,-2.0
2514,0,1.0
2515,0,1.0
2516,2,-1.0
2517,4,0.0
2518,4,0.0
2519,4,1.0
2520,0,-1.0
2521,3,1.0
2522,4,0.0
2523,2,0.0
2524,0,2.0
2525,4,1.0
2526,0,-1.0
2527,1,2.0
2528,4,1.0
2529,4,-1.0
2530,4,0.0
2531,4,0.0
2532,0,1.0
2533,4,0.0
2534,0,-1.0
2535,0,1.0
2536,0,1.0
2537,2,0.0
2538,0,-1.0
2539,0,1.0
2540,4,0.0
2541,0,1.0
2542,0,2.0
2543,4,1.0
2544,2,-2.0
2545,0,2.0
2546,4,0.0
2547,4,2.0
2548,4,1.0
2549,4,0.0
2550,4,1.0
2551,4,1.0
2552,4,0.0
2553,0,2.0
2554,4,0.0
2555,0,1.0
2556,0,2.0
2557,4,0.0
2558,3,1.0
2559,0,0.0
2560,4,0.0
2561,4,1.0
2562,0,0.0
2563,0,-1.0
2564,4,0.0
2565,0,2.0
2566,4,2.0
2567,4,0.0
2568,0,2.0
2569,0,-1.0
2570,4,1.0
2571,4,0.0
2572,0,-1.0
2573,4,-1.0
2574,0,-1.0
2575,2,0.0
2576,4,1.0
2577,0,-1.0
2578,4,1.0
2579,4,0.0
2580,0,1.0
2581,0,2.0
2582,0,1.0
2583,0,1.0
2584,0,3.0
2585,0,-2.0
2586,4,1.0
2587,4,1.0
2588,4,1.0
2589,4,0.0
2590,0,1.0
2591,4,1.0
2592,4,1.0
2593,4,1.0
2594,0,1.0
2595,4,0.0
2596,4,1.0
2597,4,0.0
2598,0,2.0
2599,4,0.0
2600,0,1.0
2601,0,-2.0
2602,0,2.0
2603,4,0.0
2604,0,1.0
2605,0,2.0
2606,0,2.0
2607,4,0.0
2608,0,2.0
2609,4,0.0
2610,3,0.0
2611,0,-1.0
2612,4,1.0
2613,4,1.0
2614,4,1.0
2615,4,1.0
2616,2,-2.0
2617,0,2.0
2618,4,0.0
2619,4,1.0
2620,4,1.0
2621,4,0.0
2622,4,0.0
2623,2,1.0
2624,4,0.0
2625,0,2.0
2626,4,1.0
2627,4,1.0
2628,4,0.0
2629,0,-1.0
2630,0,2.0
2631,4,1.0
2632,0,1.0
2633,4,1.0
2634,4,0.0
2635,4,0.0
2636,0,2.0
2637,4,1.0
2638,4,0.0
2639,0,2.0
2640,4,0.0
2641,0,0.0
2642,4,1.0
2643,4,0.0
2644,0,-1.0
2645,0,2.0
2646,4,0.0
2647,0,2.0
2648,4,1.0
2649,4,0.0
2650,3,1.0
2651,4,0.0
2652,2,-2.0
2653,0,-1.0
2654,1,0.0
2655,0,1.0
2656,0,-1.0
2657,0,1.0
2658,0,1.0
2659,0,2.0
2660,0,2.0
2661,0,-2.0
2662,0,0.0
2663,4,1.0
2664,4,0.0
2665,0,2.0
2666,4,0.0
2667,3,1.0
2668,0,2.0
2669,4,1.0
2670,4,1.0
2671,4,2.0
2672,1,0.0
2673,0,1.0
2674,0,2.0
2675,3,0.0
2676,0,2.0
2677,4,0.0
2678,4,0.0
2679,4,0.0
2680,0,1.0
2681,4,-1.0
2682,2,0.0
2683,4,1.0
2684,4,0.0
2685,0,1.0
2686,0,-2.0
2687,0,1.0
2688,0,2.0
2689,4,0.0
2690,0,2.0
2691,0,-1.0
2692,4,0.0
2693,0,1.0
2694,0,-1.0
2695,0,1.0
2696,2,1.0
2697,4,0.0
2698,0,0.0
2699,1,1.0
2700,1,0.0
2701,4,1.0
2702,0,1.0
2703,4,0.0
2704,3,-2.0
2705,4,0.0
2706,0,0.0
2707,2,1.0
2708,4,0.0
2709,4,1.0
2710,0,1.0
2711,0,1.0
2712,3,0.0
2713,0,-1.0
2714,0,2.0
2715,4,0.0
2716,4,0.0
2717,0,1.0
2718,3,0.0
2719,0,2.0
2720,2,1.0
2721,4,-1.0
2722,0,2.0
2723,1,1.0
2724,4,0.0
2725,0,2.0
2726,4,0.0
2727,4,0.0
2728,2,-1.0
2729,4,0.0
2730,0,-1.0
2731,4,0.0
2732,4,0.0
2733,0,2.0
2734,4,0.0
2735,0,-2.0
2736,2,0.0
2737,0,2.0
2738,4,0.0
2739,4,0.0
2740,0,1.0
2741,0,3.0
2742,4,0.0
2743,0,-1.0
2744,0,-1.0
2745,4,1.0
2746,3,1.0
2747,4,1.0
2748,4,0.0
2749,0,0.0
2750,4,0.0
2751,0,2.0
2752,0,0.0
2753,4,0.0
2754,0,1.0
2755,0,2.0
2756,4,0.0
2757,0,1.0
2758,0,1.0
2759,4,1.0
2760,0,2.0
2761,0,-1.0
2762,0,-1.0
2763,4,1.0
2764,4,0.0
2765,0,2.0
2766,4,1.0
2767,0,-1.0
2768,0,1.0
2769,0,2.0
2770,4,1.0
2771,4,0.0
2772,0,-2.0
2773,4,0.0
2774,4,0.0
2775,0,2.0
2776,4,0.0
2777,0,0.0
2778,4,1.0
2779,4,0.0
2780,4,0.0
2781,0,2.0
2782,0,-1.0
2783,0,2.0
2784,4,1.0
2785,0,-2.0
2786,4,1.0
2787,4,0.0
2788,4,1.0
2789,4,0.0
2790,0,1.0
2791,3,2.0
2792,4,1.0
2793,4,0.0
2794,0,3.0
2795,0,-1.0
2796,4,0.0
2797,0,1.0
2798,4,0.0
2799,3,-1.0
2800,4,0.0
2801,0,1.0
2802,0,1.0
2803,4,1.0
2804,4,1.0
2805,0,-1.0
2806,0,-1.0
2807,0,2.0
2808,0,1.0
2809,0,1.0
2810,0,-1.0
2811,0,2.0
2812,4,0.0
2813,4,0.0
2814,0,1.0
2815,4,0.0
2816,0,0.0
2817,2,2.0
2818,4,0.0
2819,0,2.0
2820,4,0.0
2821,0,2.0
2822,4,1.0
2823,4,1.0
2824,4,0.0
2825,1,1.0
2826,4,0.0
2827,1,0.0
2828,3,1.0
2829,4,3.0
2830,0,0.0
2831,1,0.0
2832,4,1.0
2833,4,-1.0
2834,0,-1.0
2835,4,2.0
2836,4,1.0
2837,4,1.0
2838,4,1.0
2839,0,-2.0
2840,0,1.0
2841,0,2.0
2842,4,0.0
2843,2,-1.0
2844,4,0.0
2845,0,2.0
2846,4,0.0
2847,4,1.0
2848,0,0.0
2849,4,1.0
2850,4,0.0
2851,0,1.0
2852,0,0.0
2853,4,0.0
2854,0,2.0
2855,4,1.0
2856,0,-1.0
2857,4,0.0
2858,0,-1.0
2859,4,1.0
2860,4,0.0
2861,2,-2.0
2862,0,-1.0
2863,0,-2.0
2864,0,3.0
2865,0,0.0
2866,4,0.0
2867,4,1.0
2868,2,1.0
2869,2,-1.0
2870,4,0.0
2871,4,1.0
2872,4,1.0
2873,4,0.0
2874,4,1.0
2875,4,0.0
2876,4,0.0
2877,2,-2.0
2878,1,2.0
2879,0,1.0
2880,0,2.0
2881,4,1.0
2882,0,-1.0
2883,4,1.0
2884,4,-1.0
2885,4,0.0
2886,0,1.0
2887,0,-1.0
2888,4,1.0
2889,4,0.0
2890,4,0.0
2891,4,1.0
2892,4,0.0
2893,0,-2.0
2894,4,1.0
2895,4,0.0
2896,0,-1.0
2897,4,0.0
2898,0,2.0
2899,4,1.0
2900,4,1.0
2901,4,0.0
2902,4,2.0
2903,2,-1.0
2904,4,0.0
2905,0,1.0
2906,0,1.0
2907,0,-1.0
2908,4,1.0
2909,4,0.0
2910,1,0.0
2911,4,0.0
2912,2,1.0
2913,2,1.0
2914,4,0.0
2915,0,2.0
2916,4,0.0
2917,4,1.0
2918,4,1.0
2919,2,-2.0
2920,0,1.0
2921,0,1.0
2922,4,0.0
2923,0,1.0
2924,2,-1.0
2925,4,2.0
2926,4,2.0
2927,4,-1.0
2928,2,1.0
2929,4,1.0
2930,4,1.0
2931,4,0.0
2932,3,1.0
2933,4,1.0
2934,4,0.0
2935,2,-1.0
2936,4,0.0
2937,0,1.0
2938,0,0.0
2939,4,0.0
2940,0,1.0
2941,0,-1.0
2942,4,0.0
2943,4,0.0
2944,0,2.0
2945,4,0.0
2946,4,0.0
2947,0,1.0
2948,4,1.0
2949,0,2.0
2950,0,2.0
2951,4,1.0
2952,4,1.0
2953,4,0.0
2954,0,2.0
2955,4,0.0
2956,4,0.0
2957,0,-1.0
2958,4,1.0
2959,0,2.0
2960,4,1.0
2961,2,-2.0
2962,0,2.0
2963,4,1.0
2964,4,0.0
2965,4,0.0
2966,0,1.0
2967,0,-1.0
2968,0,2.0
2969,1,1.0
2970,0,-1.0
2971,4,-2.0
2972,0,0.0
2973,4,2.0
2974,4,1.0
2975,4,-1.0
2976,4,0.0
2977,0,1.0
2978,4,0.0
2979,4,1.0
2980,4,0.0
2981,0,1.0
2982,0,-2.0
2983,0,1.0
2984,4,0.0
2985,0,2.0
2986,4,2.0
2987,0,-1.0
2988,4,1.0
2989,0,2.0
2990,0,0.0
2991,2,-2.0
2992,0,1.0
2993,0,1.0
2994,0,0.0
2995,2,1.0
2996,4,0.0
2997,0,-2.0
2998,0,2.0
2999,4,0.0
3000,4,0.0
3001,4,0.0
3002,3,1.0
3003,0,1.0
3004,4,0.0
3005,4,1.0
3006,4,0.0
3007,4,0.0
3008,0,2.0
3009,2,2.0
3010,4,0.0
3011,2,-1.0
3012,4,0.0
3013,4,0.0
3014,0,-1.0
3015,0,-1.0
3016,2,-2.0
3017,0,1.0
3018,2,0.0
3019,0,2.0
3020,4,0.0
3021,0,1.0
3022,0,1.0
3023,4,1.0
3024,4,0.0
3025,0,1.0
3026,4,0.0
3027,0,2.0
3028,0,0.0
3029,3,0.0
3030,4,0.0
3031,4,1.0
3032,4,1.0
3033,4,1.0
3034,4,1.0
3035,4,0.0
3036,0,2.0
3037,4,0.0
3038,4,0.0
3039,4,0.0
3040,2,-1.0
3041,2,0.0
3042,4,1.0
3043,4,0.0
3044,0,2.0
3045,4,1.0
3046,2,2.0
3047,2,-2.0
3048,4,0.0
3049,0,1.0
3050,0,1.0
3051,4,0.0
3052,0,0.0
3053,4,0.0
3054,0,1.0
3055,0,2.0
3056,4,1.0
3057,4,0.0
3058,0,2.0
3059,0,-1.0
3060,4,0.0
3061,0,0.0
3062,0,0.0
3063,4,0.0
3064,4,1.0
3065,4,0.0
3066,4,1.0
3067,4,0.0
3068,4,1.0
3069,0,-2.0
3070,0,1.0
3071,4,1.0
3072,4,1.0
3073,4,0.0
3074,2,1.0
3075,0,-1.0
3076,0,-2.0
3077,4,0.0
3078,0,3.0
3079,4,1.0
3080,4,0.0
3081,4,2.0
3082,4,0.0
3083,0,1.0
3084,3,1.0
3085,4,1.0
3086,4,0.0
3087,0,1.0
3088,4,1.0
3089,0,1.0
3090,0,2.0
3091,4,2.0
3092,4,1.0
3093,2,-2.0
3094,0,0.0
3095,4,1.0
3096,4,0.0
3097,3,0.0
3098,0,1.0
3099,0,2.0
3100,4,1.0
3101,3,1.0
3102,4,0.0
3103,0,1.0
3104,0,-2.0
3105,4,2.0
3106,1,0.0
3107,4,1.0
3108,4,1.0
3109,4,0.0
3110,4,1.0
3111,0,-1.0
3112,0,2.0
3113,4,1.0
3114,2,0.0
3115,0,1.0
3116,4,1.0
3117,4,0.0
3118,0,1.0
3119,0,-1.0
3120,4,1.0
3121,4,1.0
3122,4,0.0
3123,0,1.0
3124,4,0.0
3125,0,1.0
3126,0,1.0
3127,2,0.0
3128,0,1.0
3129,0,1.0
3130,0,2.0
3131,4,0.0
3132,4,0.0
3133,0,2.0
3134,4,2.0
3135,4,0.0
3136,0,0.0
3137,4,1.0
3138,4,0.0
3139,0,0.0
3140,4,0.0
3141,0,3.0
3142,4,1.0
3143,4,0.0
3144,3,0.0
3145,1,1.0
3146,4,0.0
3147,0,1.0
3148,0,1.0
3149,4,1.0
3150,4,-1.0
3151,0,1.0
3152,0,2.0
3153,0,2.0
3154,4,1.0
3155,4,0.0
3156,3,0.0
3157,0,2.0
3158,4,0.0
3159,4,1.0
3160,4,1.0
3161,4,1.0
3162,2,-2.0
3163,0,1.0
3164,0,0.0
3165,4,0.0
3166,4,0.0
3167,0,-1.0
3168,0,-1.0
3169,2,-1.0
3170,0,-1.0
3171,0,-2.0
3172,2,0.0
3173,0,1.0
3174,3,1.0
3175,0,-1.0
3176,4,0.0
3177,0,3.0
3178,4,2.0
3179,2,1.0
3180,4,1.0
3181,4,1.0
3182,4,1.0
3183,4,0.0
3184,0,1.0
3185,4,0.0
3186,0,1.0
3187,3,0.0
3188,0,2.0
3189,4,1.0
3190,0,2.0
3191,0,2.0
3192,4,0.0
3193,0,2.0
3194,1,1.0
3195,4,1.0
3196,2,0.0
3197,0,2.0
3198,4,1.0
3199,1,0.0
3200,4,1.0
3201,0,-1.0
3202,4,1.0
3203,4,0.0
3204,0,-2.0
3205,4,0.0
3206,4,1.0
3207,4,0.0
3208,0,1.0
3209,0,0.0
3210,0,1.0
3211,0,1.0
3212,4,0.0
3213,0,-1.0
3214,2,-2.0
3215,0,1.0
3216,2,0.0
3217,0,-2.0
3218,0,-1.0
3219,0,1.0
3220,4,1.0
3221,4,0.0
3222,4,1.0
3223,4,0.0
3224,0,1.0
3225,4,1.0
3226,4,0.0
3227,4,0.0
3228,0,1.0
3229,0,0.0
3230,3,0.0
3231,4,1.0
3232,4,1.0
3233,0,-1.0
3234,4,0.0
3235,0,2.0
3236,0,2.0
3237,0,2.0
3238,2,1.0
3239,4,0.0
3240,0,-1.0
3241,0,0.0
3242,0,1.0
3243,0,2.0
3244,4,1.0
3245,2,1.0
3246,4,0.0
3247,4,0.0
3248,4,1.0
3249,4,0.0
3250,0,-1.0
3251,4,1.0
3252,4,0.0
3253,2,-2.0
3254,4,0.0
3255,0,2.0
3256,2,-1.0
3257,4,0.0
3258,0,2.0
3259,4,2.0
3260,4,0.0
3261,0,1.0
3262,4,0.0
3263,0,1.0
3264,4,0.0
3265,0,2.0
3266,4,0.0
3267,0,-1.0
3268,0,0.0
3269,4,0.0
3270,0,2.0
3271,4,1.0
3272,4,1.0
3273,4,1.0
3274,4,1.0
3275,0,2.0
3276,4,0.0
3277,4,1.0
3278,4,0.0
3279,0,1.0
3280,0,2.0
3281,0,2.0
3282,4,0.0
3283,4,1.0
3284,4,0.0
3285,3,1.0
3286,2,0.0
3287,1,1.0
3288,4,1.0
3289,2,-1.0
3290,2,0.0
3291,0,-1.0
3292,1,1.0
3293,0,-1.0
3294,0,1.0
3295,4,0.0
3296,0,2.0
3297,0,-2.0
3298,0,2.0
3299,4,0.0
3300,0,2.0
3301,4,1.0
3302,4,0.0
3303,4,2.0
3304,4,0.0
3305,4,1.0
3306,0,-1.0
3307,4,1.0
3308,4,0.0
3309,0,2.0
3310,0,-1.0
3311,4,1.0
3312,2,-2.0
3313,0,1.0
3314,0,1.0
3315,0,2.0
3316,4,0.0
3317,0,1.0
3318,4,0.0
3319,4,2.0
3320,4,0.0
3321,4,0.0
3322,4,1.0
3323,4,1.0
3324,4,0.0
3325,2,0.0
3326,0,2.0
3327,0,1.0
3328,1,1.0
3329,0,0.0
3330,0,0.0
3331,4,0.0
3332,4,0.0
3333,2,0.0
3334,0,0.0
3335,4,1.0
3336,0,-2.0
3337,4,1.0
3338,4,0.0
3339,4,1.0
3340,0,0.0
3341,4,1.0
3342,4,0.0
3343,4,1.0
3344,4,1.0
3345,2,1.0
3346,2,0.0
3347,4,1.0
3348,4,0.0
3349,2,0.0
3350,0,1.0
3351,1,0.0
3352,4,0.0
3353,0,2.0
3354,0,-2.0
3355,4,1.0
3356,4,1.0
3357,0,-1.0
3358,2,0.0
3359,4,1.0
3360,4,0.0
3361,0,0.0
3362,0,-1.0
3363,0,1.0
3364,0,1.0
3365,0,1.0
3366,0,2.0
3367,4,1.0
3368,4,0.0
3369,0,1.0
3370,4,0.0
3371,0,-1.0
3372,4,0.0
3373,4,1.0
3374,3,2.0
3375,0,-1.0
3376,4,1.0
3377,2,-1.0
3378,4,1.0
3379,0,0.0
3380,4,0.0
3381,4,0.0
3382,0,1.0
3383,0,-1.0
3384,0,1.0
3385,0,1.0
3386,2,0.0
3387,4,1.0
3388,4,0.0
3389,4,0.0
3390,0,2.0
3391,4,-1.0
3392,0,1.0
3393,0,1.0
3394,0,1.0
3395,0,1.0
3396,4,0.0
3397,0,2.0
3398,4,1.0
3399,4,1.0
3400,4,0.0
3401,4,2.0
3402,0,-1.0
3403,0,0.0
3404,4,0.0
3405,0,1.0
3406,0,1.0
3407,0,2.0
3408,4,0.0
3409,0,2.0
3410,1,0.0
3411,4,0.0
3412,0,2.0
3413,4,0.0
3414,0,1.0
3415,0,1.0
3416,0,1.0
3417,0,2.0
3418,3,1.0
3419,4,0.0
3420,0,1.0
3421,0,2.0
3422,4,0.0
3423,0,1.0
3424,0,-1.0
3425,4,0.0
3426,0,1.0
3427,4,0.0
3428,0,-2.0
3429,4,0.0
3430,0,-1.0
3431,4,1.0
3432,4,2.0
3433,4,0.0
3434,0,0.0
3435,4,2.0
3436,4,0.0
3437,3,0.0
3438,0,2.0
3439,4,0.0
3440,3,1.0
3441,0,0.0
3442,4,1.0
3443,2,1.0
3444,4,0.0
3445,0,1.0
3446,0,0.0
3447,4,1.0
3448,4,2.0
3449,4,0.0
3450,0,1.0
3451,4,0.0
3452,0,1.0
3453,4,0.0
3454,0,0.0
3455,4,1.0
3456,4,0.0
3457,0,2.0
3458,0,0.0
3459,4,0.0
3460,0,0.0
3461,0,-1.0
3462,0,-1.0
3463,4,1.0
3464,4,0.0
3465,0,-1.0
3466,0,1.0
3467,0,1.0
3468,4,0.0
3469,4,0.0
3470,0,1.0
3471,2,-1.0
3472,4,1.0
3473,3,1.0
3474,4,1.0
3475,4,0.0
3476,4,2.0
3477,0,2.0
3478,4,1.0
3479,4,0.0
3480,0,2.0
3481,0,-1.0
3482,4,0.0
3483,0,1.0
3484,3,0.0
3485,0,2.0
3486,4,1.0
3487,4,0.0
3488,4,0.0
3489,0,2.0
3490,2,1.0
3491,4,1.0
3492,4,1.0
3493,0,0.0
3494,0,2.0
3495,4,0.0
3496,0,2.0
3497,4,0.0
3498,0,2.0
3499,2,-2.0
3500,0,-1.0
3501,4,0.0
3502,4,0.0
3503,2,0.0
3504,0,-1.0
3505,4,0.0
3506,2,2.0
3507,4,0.0
3508,0,-1.0
3509,0,-1.0
3510,0,0.0
3511,4,0.0
3512,4,1.0
3513,4,1.0
3514,4,0.0
3515,4,1.0
3516,4,0.0
3517,4,0.0
3518,0,1.0
3519,0,-2.0
3520,0,2.0
3521,2,0.0
3522,4,1.0
3523,4,1.0
3524,4,0.0
3525,4,0.0
3526,0,-1.0
3527,0,3.0
3528,4,1.0
3529,4,0.0
3530,4,3.0
3531,4,2.0
3532,2,0.0
3533,0,-2.0
3534,0,2.0
3535,4,0.0
3536,1,-1.0
3537,4,0.0
3538,0,1.0
3539,0,0.0
3540,4,1.0
3541,4,1.0
3542,4,0.0
3543,0,1.0
3544,4,1.0
3545,4,0.0
3546,0,1.0
3547,0,-1.0
3548,4,0.0
3549,0,1.0
3550,4,0.0
3551,0,2.0
3552,4,0.0
3553,0,2.0
3554,4,1.0
3555,4,1.0
3556,4,0.0
3557,0,1.0
3558,0,0.0
3559,1,2.0
3560,4,1.0
3561,4,0.0
3562,0,2.0
3563,2,0.0
3564,4,1.0
3565,4,0.0
3566,4,0.0
3567,0,2.0
3568,4,0.0
3569,0,0.0
3570,4,0.0
3571,0,2.0
3572,2,1.0
3573,4,0.0
3574,0,0.0
3575,0,0.0
3576,0,1.0
3577,0,2.0
3578,4,1.0
3579,0,-1.0
3580,0,-1.0
3581,2,1.0
3582,4,0.0
3583,0,1.0
3584,4,0.0
3585,4,1.0
3586,2,-1.0
3587,4,1.0
3588,4,1.0
3589,4,1.0
3590,4,0.0
3591,0,1.0
3592,0,1.0
3593,2,1.0
3594,4,0.0
3595,4,0.0
3596,4,0.0
3597,0,3.0
3598,4,0.0
3599,2,0.0
3600,1,0.0
3601,4,2.0
3602,2,-1.0
3603,0,-2.0
3604,2,-1.0
3605,0,1.0
3606,2,0.0
3607,4,0.0
3608,0,1.0
3609,0,2.0
3610,4,0.0
3611,2,-2.0
3612,0,1.0
3613,0,1.0
3614,4,0.0
3615,0,1.0
3616,0,-1.0
3617,3,0.0
3618,4,0.0
3619,4,0.0
3620,0,-1.0
3621,2,0.0
3622,3,0.0
3623,4,0.0
3624,0,2.0
3625,4,1.0
3626,4,-1.0
3627,3,0.0
3628,3,0.0
3629,4,0.0
3630,0,-1.0
3631,4,1.0
3632,4,0.0
3633,0,1.0
3634,0,3.0
3635,0,-1.0
3636,0,1.0
3637,0,2.0
3638,0,-1.0
3639,4,0.0
3640,2,0.0
3641,0,1.0
3642,0,2.0
3643,4,1.0
3644,4,1.0
3645,3,1.0
3646,4,0.0
3647,4,1.0
3648,0,1.0
3649,0,1.0
3650,3,0.0
3651,4,0.0
3652,0,1.0
3653,4,1.0
3654,0,0.0
3655,2,-1.0
3656,4,1.0
3657,2,0.0
3658,4,1.0
3659,2,-2.0
3660,4,2.0
3661,4,0.0
3662,4,0.0
3663,0,1.0
3664,0,1.0
3665,4,1.0
3666,4,2.0
3667,4,0.0
3668,0,2.0
3669,4,0.0
3670,0,1.0
3671,0,1.0
3672,2,0.0
3673,3,1.0
3674,0,1.0
3675,0,2.0
3676,4,2.0
3677,4,0.0
3678,4,0.0
3679,4,0.0
3680,4,0.0
3681,0,-2.0
3682,4,0.0
3683,4,0.0
3684,0,2.0
3685,2,0.0
3686,4,1.0
3687,4,0.0
3688,0,1.0
3689,0,1.0
3690,0,0.0
3691,4,1.0
3692,4,0.0
3693,4,1.0
3694,1,1.0
3695,4,1.0
3696,4,1.0
3697,4,1.0
3698,4,1.0
3699,4,0.0
3700,0,-1.0
3701,0,2.0
3702,0,1.0
3703,4,1.0
3704,4,0.0
3705,4,0.0
3706,4,1.0
3707,4,0.0
3708,0,-1.0
3709,0,2.0
3710,0,-1.0
3711,1,0.0
3712,0,2.0
3713,4,1.0
3714,0,0.0
3715,4,0.0
3716,0,2.0
3717,0,0.0
3718,4,0.0
3719,2,1.0
3720,2,-1.0
3721,0,0.0
3722,4,0.0
3723,0,1.0
3724,0,1.0
3725,4,1.0
3726,4,0.0
3727,0,0.0
3728,0,0.0
3729,4,0.0
3730,2,0.0
3731,0,1.0
3732,4,0.0
3733,4,1.0
3734,0,-2.0
3735,0,-1.0
3736,4,1.0
3737,4,1.0
3738,4,0.0
3739,0,-1.0
3740,0,0.0
3741,4,2.0
3742,4,1.0
3743,4,0.0
3744,2,-2.0
3745,0,3.0
3746,4,0.0
3747,4,2.0
3748,4,2.0
3749,4,0.0
3750,0,3.0
3751,3,-1.0
3752,3,1.0
3753,0,-1.0
3754,0,1.0
3755,0,1.0
3756,4,0.0
3757,0,1.0
3758,1,0.0
3759,0,0.0
3760,2,1.0
3761,4,0.0
3762,0,2.0
3763,0,-1.0
3764,0,-1.0
3765,4,0.0
3766,4,0.0
3767,2,1.0
3768,4,0.0
3769,0,1.0
3770,0,1.0
3771,0,-1.0
3772,2,0.0
3773,4,0.0
3774,0,1.0
3775,4,0.0
3776,2,0.0
3777,0,-1.0
3778,4,0.0
3779,0,-2.0
3780,0,2.0
3781,4,1.0
3782,4,0.0
3783,0,2.0
3784,4,0.0
3785,0,-2.0
3786,0,2.0
3787,4,0.0
3788,4,0.0
3789,0,2.0
3790,0,2.0
3791,4,0.0
3792,4,1.0
3793,4,0.0
3794,0,1.0
3795,4,0.0
3796,0,-1.0
3797,2,-1.0
3798,4,0.0
3799,0,1.0
3800,2,2.0
3801,4,0.0
3802,4,1.0
3803,0,2.0
3804,0,-2.0
3805,4,1.0
3806,0,2.0
3807,2,0.0
3808,3,3.0
3809,4,0.0
3810,0,1.0
3811,0,2.0
3812,4,1.0
3813,4,0.0
3814,4,0.0
3815,0,1.0
3816,0,1.0
3817,4,-1.0
3818,0,1.0
3819,4,0.0
3820,4,1.0
3821,0,-1.0
3822,0,3.0
3823,2,1.0
3824,0,-1.0
3825,2,1.0
3826,4,1.0
3827,4,0.0
3828,0,1.0
3829,0,1.0
3830,0,1.0
3831,4,1.0
3832,2,-3.0
3833,0,1.0
3834,0,3.0
3835,4,1.0
3836,2,-2.0
3837,4,1.0
3838,0,1.0
3839,0,1.0
3840,4,2.0
3841,4,0.0
3842,4,2.0
3843,4,1.0
3844,1,0.0
3845,0,-1.0
3846,0,1.0
3847,4,0.0
3848,0,1.0
3849,3,0.0
3850,0,0.0
3851,4,1.0
3852,4,1.0
3853,4,1.0
3854,4,1.0
3855,4,0.0
3856,0,0.0
3857,0,2.0
3858,4,1.0
3859,4,0.0
3860,4,0.0
3861,0,2.0
3862,4,0.0
3863,0,2.0
3864,4,1.0
3865,4,1.0
3866,0,0.0
3867,4,1.0
3868,4,1.0
3869,4,0.0
3870,0,0.0
3871,4,0.0
3872,4,0.0
3873,0,1.0
3874,3,1.0
3875,4,0.0
3876,2,-1.0
3877,4,1.0
3878,4,0.0
3879,0,2.0
3880,4,0.0
3881,0,1.0
3882,0,2.0
3883,4,1.0
3884,0,-1.0
3885,0,2.0
3886,4,1.0
3887,2,0.0
3888,0,1.0
3889,4,1.0
3890,4,1.0
3891,0,1.0
3892,4,0.0
3893,4,0.0
3894,0,3.0
3895,4,0.0
3896,0,1.0
3897,0,2.0
3898,4,1.0
3899,0,0.0
3900,0,-1.0
3901,4,1.0
3902,4,0.0
3903,0,2.0
3904,0,-2.0
3905,0,1.0
3906,2,0.0
3907,4,0.0
3908,0,1.0
3909,0,2.0
3910,4,0.0
3911,4,1.0
3912,4,0.0
3913,4,1.0
3914,2,1.0
3915,4,0.0
3916,4,1.0
3917,4,2.0
3918,0,1.0
3919,4,1.0
3920,4,1.0
3921,0,-1.0
3922,4,0.0
3923,0,0.0
3924,4,0.0
3925,1,1.0
3926,4,0.0
3927,0,0.0
3928,4,0.0
3929,0,-1.0
3930,4,0.0
3931,4,1.0
3932,4,0.0
3933,0,2.0
3934,0,-1.0
3935,0,2.0
3936,4,0.0
3937,0,2.0
3938,4,0.0
3939,0,1.0
3940,0,-1.0
3941,0,1.0
3942,4,0.0
3943,0,2.0
3944,4,0.0
3945,0,2.0
3946,0,2.0
3947,2,-2.0
3948,0,1.0
3949,0,2.0
3950,4,1.0
3951,4,1.0
3952,4,1.0
3953,4,0.0
3954,0,1.0
3955,0,-1.0
3956,4,1.0
3957,0,0.0
3958,4,0.0
3959,0,2.0
3960,4,0.0
3961,0,2.0
3962,4,0.0
3963,4,0.0
3964,0,0.0
3965,4,0.0
3966,4,1.0
3967,4,0.0
3968,0,2.0
3969,4,0.0
3970,4,0.0
3971,0,-2.0
3972,0,2.0
3973,4,0.0
3974,0,2.0
3975,4,0.0
3976,1,0.0
3977,0,1.0
3978,0,2.0
3979,2,-1.0
3980,4,0.0
3981,0,1.0
3982,0,0.0
3983,4,1.0
3984,2,0.0
3985,0,2.0
3986,4,1.0
3987,4,0.0
3988,4,1.0
3989,0,-1.0
3990,4,1.0
3991,2,1.0
3992,1,1.0
3993,4,0.0
3994,0,1.0
3995,0,2.0
3996,4,0.0
3997,4,0.0
3998,4,0.0
3999,0,-1.0
4000,0,3.0
4001,2,-1.0
4002,4,0.0
4003,0,1.0
4004,0,-1.0
4005,4,0.0
4006,1,0.0
4007,0,1.0
4008,4,-1.0
4009,0,2.0
4010,4,0.0
4011,0,3.0
4012,0,0.0
4013,2,0.0
4014,0,-1.0
4015,0,2.0
4016,4,0.0
4017,3,0.0
4018,0,2.0
4019,4,0.0
4020,0,-1.0
4021,0,1.0
4022,4,0.0
4023,4,0.0
4024,4,2.0
4025,4,1.0
4026,3,0.0
4027,0,1.0
4028,4,1.0
4029,4,0.0
4030,1,0.0
4031,3,0.0
4032,0,1.0
4033,0,1.0
4034,4,0.0
4035,4,0.0
4036,3,0.0
4037,4,0.0
4038,0,-1.0
4039,0,1.0
4040,0,1.0
4041,0,3.0
4042,4,-1.0
4043,0,1.0
4044,3,1.0
4045,4,0.0
4046,0,3.0
4047,4,1.0
4048,4,0.0
4049,4,1.0
4050,4,2.0
4051,4,0.0
4052,2,0.0
4053,0,2.0
4054,4,1.0
4055,3,1.0
4056,1,0.0
4057,0,0.0
4058,4,0.0
4059,4,0.0
4060,3,0.0
4061,0,2.0
4062,4,0.0
4063,4,0.0
4064,0,1.0
4065,0,-1.0
4066,0,0.0
4067,4,0.0
4068,0,-1.0
4069,4,1.0
4070,2,-2.0
4071,0,1.0
4072,4,0.0
4073,0,3.0
4074,4,1.0
4075,4,1.0
4076,4,0.0
4077,0,1.0
4078,0,2.0
4079,0,1.0
4080,0,2.0
4081,2,0.0
4082,0,2.0
4083,0,-1.0
4084,2,1.0
4085,4,0.0
4086,0,2.0
4087,2,0.0
4088,0,-1.0
4089,0,1.0
4090,0,1.0
4091,4,1.0
4092,4,1.0
4093,4,0.0
4094,0,1.0
4095,0,2.0
4096,0,-1.0
4097,4,0.0
4098,0,-2.0
4099,2,-2.0
4100,4,0.0
4101,4,0.0
4102,0,1.0
4103,0,-1.0
4104,4,0.0
4105,0,0.0
4106,4,0.0
4107,0,2.0
4108,4,-1.0
4109,0,-1.0
4110,4,2.0
4111,0,0.0
4112,4,0.0
4113,0,1.0
4114,0,1.0
4115,0,-1.0
4116,4,1.0
4117,4,1.0
4118,4,0.0
4119,4,1.0
4120,4,0.0
4121,0,1.0
4122,4,0.0
4123,0,2.0
4124,4,0.0
4125,0,1.0
4126,4,1.0
4127,2,-2.0
4128,4,1.0
4129,4,0.0
4130,0,2.0
4131,2,0.0
4132,4,1.0
4133,4,0.0
4134,0,-2.0
4135,0,-1.0
4136,0,1.0
4137,0,1.0
4138,2,-2.0
4139,0,3.0
4140,4,0.0
4141,0,1.0
4142,4,0.0
4143,4,0.0
4144,4,1.0
4145,4,1.0
4146,4,0.0
4147,0,0.0
4148,4,0.0
4149,0,1.0
4150,0,2.0
4151,4,1.0
4152,4,0.0
4153,0,1.0
4154,0,2.0
4155,2,0.0
4156,0,3.0
4157,1,0.0
4158,4,1.0
4159,0,-2.0
4160,0,1.0
4161,4,1.0
4162,4,0.0
4163,0,-1.0
4164,4,1.0
4165,4,0.0
4166,0,-1.0
4167,4,0.0
4168,4,1.0
4169,4,2.0
4170,4,0.0
4171,3,0.0
4172,0,1.0
4173,0,1.0
4174,4,1.0
4175,4,1.0
4176,4,0.0
4177,0,2.0
4178,4,1.0
4179,4,1.0
4180,4,1.0
4181,4,1.0
4182,4,0.0
4183,0,1.0
4184,0,1.0
4185,0,-1.0
4186,4,2.0
4187,0,-1.0
4188,4,0.0
4189,0,2.0
4190,0,0.0
4191,0,1.0
4192,0,2.0
4193,4,1.0
4194,3,1.0
4195,0,-1.0
4196,0,-1.0
4197,4,0.0
4198,4,1.0
4199,0,0.0
4200,4,1.0
4201,4,0.0
4202,0,-1.0
4203,0,1.0
4204,0,-1.0
4205,0,3.0
4206,0,-1.0
4207,4,0.0
4208,0,1.0
4209,0,2.0
4210,4,1.0
4211,4,2.0
4212,0,2.0
4213,4,0.0
4214,0,2.0
4215,4,0.0
4216,0,2.0
4217,4,0.0
4218,0,1.0
4219,4,0.0
4220,3,0.0
4221,0,2.0
4222,2,1.0
4223,4,0.0
4224,0,2.0
4225,4,0.0
4226,4,0.0
4227,0,-1.0
4228,4,0.0
4229,4,1.0
4230,2,0.0
4231,4,0.0
4232,0,2.0
4233,4,2.0
4234,2,-1.0
4235,0,0.0
4236,4,1.0
4237,4,1.0
4238,4,0.0
4239,0,1.0
4240,4,0.0
4241,0,1.0
4242,0,1.0
4243,4,0.0
4244,0,2.0
4245,4,0.0
4246,4,1.0
4247,4,0.0
4248,4,0.0
4249,4,1.0
4250,0,-1.0
4251,4,0.0
4252,0,0.0
4253,4,0.0
4254,0,1.0
4255,0,1.0
4256,0,1.0
4257,1,0.0
4258,0,2.0
4259,4,1.0
4260,2,2.0
4261,4,1.0
4262,4,0.0
4263,4,0.0
4264,3,0.0
4265,4,0.0
4266,4,0.0
4267,0,1.0
4268,0,2.0
4269,0,-1.0
4270,0,2.0
4271,4,0.0
4272,4,1.0
4273,4,0.0
4274,0,1.0
4275,0,0.0
4276,4,0.0
4277,0,-1.0
4278,0,1.0
4279,0,1.0
4280,0,-1.0
4281,0,1.0
4282,0,-1.0
4283,0,1.0
4284,0,1.0
4285,0,-1.0
4286,2,1.0
4287,3,1.0
4288,4,2.0
4289,4,0.0
4290,0,2.0
4291,2,0.0
4292,0,1.0
4293,0,0.0
4294,4,1.0
4295,0,0.0
4296,4,0.0
4297,4,1.0
4298,4,1.0
4299,4,1.0
4300,4,0.0
4301,0,-2.0
4302,0,2.0
4303,2,0.0
4304,0,-1.0
4305,0,1.0
4306,4,0.0
4307,0,1.0
4308,0,1.0
4309,0,-1.0
4310,0,1.0
4311,0,2.0
4312,0,-1.0
4313,0,1.0
4314,1,1.0
4315,4,0.0
4316,0,2.0
4317,2,0.0
4318,0,1.0
4319,0,1.0
4320,0,2.0
4321,0,0.0
4322,4,0.0
4323,0,1.0
4324,4,-1.0
4325,0,1.0
4326,0,1.0
4327,4,0.0
4328,3,1.0
4329,0,-2.0
4330,4,0.0
4331,0,-2.0
4332,4,0.0
4333,4,1.0
4334,4,2.0
4335,0,-1.0
4336,0,2.0
4337,4,2.0
4338,4,0.0
4339,4,0.0
4340,4,0.0
4341,4,0.0
4342,3,0.0
4343,0,-1.0
4344,4,1.0
4345,4,0.0
4346,0,1.0
4347,4,1.0
4348,4,1.0
4349,4,1.0
4350,0,-1.0
4351,0,3.0
4352,4,2.0
4353,4,0.0
4354,0,-1.0
4355,4,0.0
4356,4,1.0
4357,4,1.0
4358,0,-1.0
4359,2,1.0
4360,4,1.0
4361,0,2.0
4362,4,1.0
4363,1,1.0
4364,4,0.0
4365,0,3.0
4366,4,0.0
4367,0,0.0
4368,1,0.0
4369,2,1.0
4370,4,0.0
4371,0,0.0
4372,4,1.0
4373,4,0.0
4374,4,0.0
4375,2,1.0
4376,4,0.0
4377,0,1.0
4378,0,-1.0
4379,4,0.0
4380,4,1.0
4381,4,1.0
4382,0,-1.0
4383,0,-1.0
4384,0,1.0
4385,0,1.0
4386,0,1.0
4387,4,1.0
4388,4,0.0
4389,0,0.0
4390,4,1.0
4391,4,1.0
4392,4,1.0
4393,4,0.0
4394,0,1.0
4395,0,-1.0
4396,0,-3.0
4397,0,-1.0
4398,1,1.0
4399,0,-1.0
4400,4,0.0
4401,4,1.0
4402,4,1.0
4403,4,0.0
4404,0,2.0
4405,4,0.0
4406,0,1.0
4407,0,2.0
4408,4,1.0
4409,4,1.0
4410,4,0.0
4411,4,0.0
4412,4,1.0
4413,4,1.0
4414,4,0.0
4415,0,1.0
4416,0,1.0
4417,4,0.0
4418,0,1.0
4419,0,2.0
4420,2,-1.0
4421,4,0.0
4422,0,-2.0
4423,0,2.0
4424,0,-1.0
4425,4,0.0
4426,0,3.0
4427,2,-1.0
4428,4,1.0
4429,4,0.0
4430,0,1.0
4431,4,1.0
4432,4,1.0
4433,4,1.0
4434,0,0.0
4435,4,0.0
4436,4,1.0
4437,4,0.0
4438,0,2.0
4439,4,0.0
4440,3,0.0
4441,4,0.0
4442,4,0.0
4443,0,0.0
4444,4,0.0
4445,0,2.0
4446,0,-1.0
4447,1,0.0
4448,0,-1.0
4449,4,2.0
4450,4,1.0
4451,3,0.0
4452,0,2.0
4453,0,-1.0
4454,0,2.0
4455,4,1.0
4456,0,-1.0
4457,0,2.0
4458,4,1.0
4459,4,0.0
4460,4,1.0
4461,0,0.0
4462,0,1.0
4463,4,1.0
4464,4,0.0
4465,0,-1.0
4466,0,-1.0
4467,0,0.0
4468,4,0.0
4469,0,2.0
4470,4,1.0
4471,4,0.0
4472,0,1.0
4473,0,1.0
4474,4,2.0
4475,4,0.0
4476,0,1.0
4477,0,-1.0
4478,4,0.0
4479,0,-1.0
4480,4,0.0
4481,4,0.0
4482,0,2.0
4483,4,0.0
4484,0,1.0
4485,4,2.0
4486,0,0.0
4487,4,0.0
4488,0,-2.0
4489,2,-1.0
4490,4,0.0
4491,3,0.0
4492,3,0.0
4493,0,1.0
4494,0,0.0
4495,2,-2.0
4496,0,-1.0
4497,0,-1.0
4498,3,-2.0
4499,2,1.0
4500,4,1.0
4501,4,1.0
4502,4,0.0
4503,4,0.0
4504,0,0.0
4505,3,0.0
4506,0,1.0
4507,4,0.0
4508,0,1.0
4509,0,-1.0
4510,2,0.0
4511,2,-2.0
4512,2,1.0
4513,3,0.0
4514,0,-2.0
4515,4,1.0
4516,2,-2.0
4517,0,0.0
4518,4,1.0
4519,4,0.0
4520,1,0.0
4521,0,2.0
4522,4,2.0
4523,0,-1.0
4524,2,1.0
4525,4,0.0
4526,0,-1.0
4527,4,2.0
4528,0,1.0
4529,0,-1.0
4530,0,2.0
4531,4,0.0
4532,4,2.0
4533,4,1.0
4534,4,0.0
4535,2,0.0
4536,2,0.0
4537,0,1.0
4538,4,0.0
4539,4,1.0
4540,0,-2.0
4541,4,1.0
4542,4,0.0
4543,0,-1.0
4544,4,-1.0
4545,0,1.0
4546,0,1.0
4547,4,0.0
4548,4,0.0
4549,4,1.0
4550,4,1.0
4551,0,-1.0
4552,4,0.0
4553,0,1.0
4554,2,-2.0
4555,0,2.0
4556,4,0.0
4557,0,-1.0
4558,0,2.0
4559,4,1.0
4560,4,0.0
4561,2,0.0
4562,4,1.0
4563,2,-1.0
4564,2,1.0
4565,0,-1.0
4566,4,0.0
4567,0,1.0
4568,0,1.0
4569,4,1.0
4570,4,1.0
4571,2,-2.0
4572,0,1.0
4573,0,0.0
4574,4,0.0
4575,0,-2.0
4576,0,0.0
4577,1,0.0
4578,4,0.0
4579,0,2.0
4580,4,1.0
4581,4,0.0
4582,0,-1.0
4583,4,0.0
4584,4,2.0
4585,4,1.0
4586,4,1.0
4587,4,1.0
4588,4,1.0
4589,4,1.0
4590,4,-1.0
4591,4,1.0
4592,4,1.0
4593,4,1.0
4594,2,1.0
4595,0,-1.0
4596,0,1.0
4597,4,1.0
4598,4,1.0
4599,4,0.0
4600,0,-1.0
4601,4,0.0
4602,0,0.0
4603,0,2.0
4604,2,-1.0
4605,4,1.0
4606,4,0.0
4607,0,-1.0
4608,4,1.0
4609,4,1.0
4610,4,1.0
4611,0,-1.0
4612,2,0.0
4613,0,0.0
4614,2,1.0
4615,4,1.0
4616,4,1.0
4617,4,0.0
4618,0,1.0
4619,4,1.0
4620,4,0.0
4621,0,1.0
4622,4,0.0
4623,2,1.0
4624,4,1.0
4625,4,1.0
4626,2,1.0
4627,0,-1.0
4628,0,1.0
4629,0,1.0
4630,4,1.0
4631,0,0.0
4632,4,1.0
4633,0,-2.0
4634,4,0.0
4635,0,-1.0
4636,0,2.0
4637,4,1.0
4638,4,1.0
4639,4,0.0
4640,0,-2.0
4641,0,2.0
4642,4,2.0
4643,4,0.0
4644,0,-2.0
4645,2,-2.0
4646,4,1.0
4647,0,2.0
4648,4,0.0
4649,0,2.0
4650,4,0.0
4651,4,0.0
4652,0,3.0
4653,4,0.0
4654,4,1.0
4655,4,2.0
4656,2,0.0
4657,0,1.0
4658,0,2.0
4659,4,0.0
4660,0,1.0
4661,1,1.0
4662,2,0.0
4663,0,2.0
4664,4,0.0
4665,0,1.0
4666,0,2.0
4667,4,0.0
4668,4,1.0
4669,4,1.0
4670,4,1.0
4671,4,1.0
4672,3,0.0
4673,4,1.0
4674,1,0.0
4675,0,2.0
4676,2,1.0
4677,2,2.0
4678,4,0.0
4679,4,0.0
4680,0,0.0
4681,4,0.0
4682,0,-1.0
4683,0,2.0
4684,4,2.0
4685,4,1.0
4686,4,0.0
4687,4,0.0
4688,0,1.0
4689,4,1.0
4690,4,1.0
4691,4,1.0
4692,0,0.0
4693,4,0.0
4694,4,1.0
4695,4,1.0
4696,4,0.0
4697,0,1.0
4698,0,0.0
4699,2,-2.0
4700,0,2.0
4701,4,0.0
4702,0,1.0
4703,0,1.0
4704,2,0.0
4705,0,2.0
4706,4,0.0
4707,0,-2.0
4708,4,1.0
4709,4,1.0
4710,4,1.0
4711,1,1.0
4712,4,0.0
4713,4,0.0
4714,4,1.0
4715,4,0.0
4716,0,-1.0
4717,0,0.0
4718,4,0.0
4719,3,1.0
4720,4,0.0
4721,0,1.0
4722,0,-1.0
4723,1,1.0
4724,4,0.0
4725,2,0.0
4726,0,-1.0
4727,2,1.0
4728,4,0.0
4729,0,1.0
4730,0,1.0
4731,4,0.0
4732,0,1.0
4733,4,0.0
4734,2,1.0
4735,4,0.0
4736,0,-1.0
4737,0,2.0
4738,0,-1.0
4739,0,2.0
4740,4,0.0
4741,0,1.0
4742,0,1.0
4743,4,1.0
4744,4,1.0
4745,0,2.0
4746,0,-2.0
4747,0,-2.0
4748,4,1.0
4749,0,-1.0
4750,4,0.0
4751,0,1.0
4752,0,2.0
4753,3,0.0
4754,0,1.0
4755,4,0.0
4756,0,1.0
4757,4,0.0
4758,0,1.0
4759,0,1.0
4760,0,2.0
4761,0,0.0
4762,2,-1.0
4763,3,-2.0
4764,0,2.0
4765,0,-2.0
4766,0,1.0
4767,2,-2.0
4768,0,-1.0
4769,0,1.0
4770,0,1.0
4771,0,2.0
4772,4,0.0
4773,0,1.0
4774,4,0.0
4775,4,1.0
4776,4,0.0
4777,0,1.0
4778,4,2.0
4779,2,0.0
4780,4,1.0
4781,0,0.0
4782,4,0.0
4783,4,0.0
4784,3,0.0
4785,0,1.0
4786,0,0.0
4787,4,1.0
4788,0,-1.0
4789,4,1.0
4790,4,0.0
4791,0,1.0
4792,0,-1.0
4793,3,0.0
4794,0,2.0
4795,0,1.0
4796,4,1.0
4797,4,0.0
4798,4,0.0
4799,4,1.0
4800,2,-2.0
4801,4,0.0
4802,0,2.0
4803,4,0.0
4804,0,2.0
4805,4,0.0
4806,3,0.0
4807,4,0.0
4808,2,1.0
4809,4,1.0
4810,4,0.0
4811,0,1.0
4812,4,0.0
4813,2,1.0
4814,4,0.0
4815,0,1.0
4816,0,1.0
4817,0,2.0
4818,0,0.0
4819,4,1.0
4820,2,-2.0
4821,0,1.0
4822,4,0.0
4823,4,-1.0
4824,0,1.0
4825,4,1.0
4826,4,0.0
4827,0,3.0
4828,4,0.0
4829,2,0.0
4830,0,-1.0
4831,2,1.0
4832,4,0.0
4833,0,1.0
4834,0,1.0
4835,0,2.0
4836,4,0.0
4837,3,1.0
4838,2,0.0
4839,4,1.0
4840,0,4.0
4841,4,1.0
4842,0,1.0
4843,4,0.0
4844,2,-2.0
4845,0,-1.0
4846,4,0.0
4847,0,-1.0
4848,4,0.0
4849,4,0.0
4850,4,0.0
4851,0,1.0
4852,2,1.0
4853,4,0.0
4854,0,-2.0
4855,0,1.0
4856,0,2.0
4857,4,0.0
4858,0,1.0
4859,0,2.0
4860,4,0.0
4861,4,0.0
4862,0,1.0
4863,4,1.0
4864,4,1.0
4865,4,0.0
4866,0,2.0
4867,4,1.0
4868,4,0.0
4869,3,0.0
4870,0,1.0
4871,4,0.0
4872,0,-1.0
4873,4,0.0
4874,0,3.0
4875,2,-1.0
4876,4,0.0
4877,0,2.0
4878,0,-1.0
4879,0,1.0
4880,0,2.0
4881,4,1.0
4882,4,2.0
4883,4,0.0
4884,0,3.0
4885,4,0.0
4886,0,4.0
4887,4,0.0
4888,0,0.0
4889,4,1.0
4890,0,-1.0
4891,0,2.0
4892,4,0.0
4893,4,0.0
4894,0,2.0
4895,4,0.0
4896,4,1.0
4897,4,0.0
4898,4,0.0
4899,4,1.0
4900,3,-1.0
4901,4,0.0
4902,4,1.0
4903,4,3.0
4904,0,0.0
4905,0,1.0
4906,0,-2.0
4907,2,1.0
4908,4,0.0
4909,4,0.0
4910,3,1.0
4911,4,1.0
4912,3,2.0
4913,0,0.0
4914,4,0.0
4915,4,0.0
4916,0,2.0
4917,4,0.0
4918,4,1.0
4919,4,0.0
4920,0,2.0
4921,4,0.0
4922,4,1.0
4923,2,0.0
4924,1,-1.0
4925,4,0.0
4926,0,0.0
4927,4,1.0
4928,4,1.0
4929,0,-1.0
4930,4,1.0
4931,0,-1.0
4932,0,-1.0
4933,4,0.0
4934,0,-2.0
4935,4,1.0
4936,4,2.0
4937,4,0.0
4938,0,1.0
4939,0,1.0
4940,3,2.0
4941,4,2.0
4942,4,0.0
4943,4,1.0
4944,4,0.0
4945,2,0.0
4946,0,2.0
4947,1,1.0
4948,0,-1.0
4949,0,2.0
4950,4,1.0
4951,4,0.0
4952,0,2.0
4953,4,0.0
4954,0,2.0
4955,4,1.0
4956,4,1.0
4957,4,0.0
4958,4,3.0
4959,4,1.0
4960,4,1.0
4961,4,0.0
4962,4,1.0
4963,4,0.0
4964,3,1.0
4965,4,1.0
4966,4,1.0
4967,4,1.0
4968,4,0.0
4969,2,-2.0
4970,0,2.0
4971,4,0.0
4972,4,0.0
4973,0,2.0
4974,4,1.0
4975,0,-1.0
4976,2,1.0
4977,2,0.0
4978,0,1.0
4979,0,1.0
4980,3,-2.0
4981,4,1.0
4982,4,0.0
4983,0,2.0
4984,2,1.0
4985,4,1.0
4986,1,-1.0
4987,4,0.0
4988,4,0.0
4989,0,-2.0
4990,0,1.0
4991,4,0.0
4992,4,1.0
4993,4,1.0
4994,1,0.0
4995,0,-1.0
4996,0,0.0
4997,0,3.0
4998,4,1.0
4999,4,0.0
5000,0,2.0
5001,4,0.0
5002,0,0.0
5003,4,1.0
5004,4,1.0
5005,4,0.0
5006,4,0.0
5007,4,1.0
5008,4,1.0
5009,4,0.0
5010,4,2.0
5011,4,0.0
5012,0,2.0
5013,4,1.0
5014,2,0.0
5015,0,1.0
5016,0,2.0
5017,4,1.0
5018,4,1.0
5019,4,0.0
5020,3,1.0
5021,4,0.0
5022,0,1.0
5023,0,1.0
5024,0,2.0
5025,4,1.0
5026,2,0.0
5027,4,1.0
5028,4,1.0
5029,4,1.0
5030,4,0.0
5031,0,-2.0
5032,4,0.0
5033,2,-2.0
5034,0,1.0
5035,0,1.0
5036,4,1.0
5037,4,0.0
5038,0,1.0
5039,0,-1.0
5040,4,0.0
5041,0,2.0
5042,4,0.0
5043,0,2.0
5044,4,0.0
5045,0,0.0
5046,0,-2.0
5047,4,0.0
5048,3,0.0
5049,0,2.0
5050,4,0.0
5051,1,1.0
5052,2,2.0
5053,0,0.0
5054,4,0.0
5055,4,0.0
5056,0,2.0
5057,1,0.0
5058,4,0.0
5059,0,-1.0
5060,0,2.0
5061,4,0.0
5062,0,-1.0
5063,0,1.0
5064,4,1.0
5065,4,0.0
5066,1,0.0
5067,4,1.0
5068,4,-1.0
5069,0,2.0
5070,0,-2.0
5071,4,1.0
5072,4,0.0
5073,0,2.0
5074,4,0.0
5075,3,0.0
5076,4,1.0
5077,4,0.0
5078,0,0.0
5079,4,2.0
5080,4,1.0
5081,4,1.0
5082,1,1.0
5083,4,1.0
5084,4,0.0
5085,4,0.0
5086,0,0.0
5087,4,0.0
5088,4,0.0
5089,0,1.0
5090,0,1.0
5091,0,1.0
5092,0,2.0
5093,0,2.0
5094,4,1.0
5095,4,0.0
5096,0,2.0
5097,4,1.0
5098,4,0.0
5099,4,1.0
5100,0,-2.0
5101,0,1.0
5102,0,2.0
5103,4,0.0
5104,4,0.0
5105,0,2.0
5106,3,1.0
5107,4,1.0
5108,4,0.0
5109,0,2.0
5110,2,2.0
5111,4,1.0
5112,4,1.0
5113,4,0.0
5114,0,1.0
5115,0,1.0
5116,0,2.0
5117,4,1.0
5118,0,1.0
5119,0,2.0
5120,4,0.0
5121,2,-1.0
5122,4,0.0
5123,0,1.0
5124,0,-1.0
5125,3,1.0
5126,4,0.0
5127,0,-1.0
5128,4,0.0
5129,0,1.0
5130,0,-2.0
5131,3,0.0
5132,0,2.0
5133,4,1.0
5134,4,0.0
5135,2,0.0
5136,4,0.0
5137,4,0.0
5138,2,-1.0
5139,0,-1.0
5140,3,0.0
5141,0,1.0
5142,4,-1.0
5143,0,2.0
5144,4,0.0
5145,3,1.0
5146,0,-1.0
5147,4,1.0
5148,4,0.0
5149,0,2.0
5150,4,0.0
5151,4,2.0
5152,4,0.0
5153,0,2.0
5154,0,0.0
5155,4,0.0
5156,3,1.0
5157,4,1.0
5158,2,0.0
5159,3,0.0
5160,0,1.0
5161,0,0.0
5162,4,0.0
5163,0,1.0
5164,2,-2.0
5165,0,3.0
5166,4,-1.0
5167,0,2.0
5168,4,0.0
5169,2,-1.0
5170,4,0.0
5171,4,1.0
5172,4,1.0
5173,4,0.0
5174,3,0.0
5175,0,-1.0
5176,2,0.0
5177,3,0.0
5178,0,-1.0
5179,4,2.0
5180,4,0.0
5181,0,2.0
5182,4,1.0
5183,4,0.0
5184,4,0.0
5185,4,0.0
5186,0,1.0
5187,0,1.0
5188,4,0.0
5189,0,1.0
5190,4,1.0
5191,4,1.0
5192,0,-1.0
5193,4,1.0
5194,4,0.0
5195,0,2.0
5196,4,1.0
5197,4,0.0
5198,0,-2.0
5199,0,1.0
5200,4,0.0
5201,0,1.0
5202,3,0.0
5203,4,0.0
5204,0,1.0
5205,0,0.0
5206,4,0.0
5207,0,2.0
5208,4,2.0
5209,4,0.0
5210,4,1.0
5211,4,0.0
5212,4,1.0
5213,4,1.0
5214,4,1.0
5215,4,1.0
5216,4,1.0
5217,4,1.0
5218,4,2.0
5219,4,1.0
5220,0,-1.0
5221,0,1.0
5222,0,2.0
5223,4,1.0
5224,4,1.0
5225,2,1.0
5226,0,-1.0
5227,0,-2.0
5228,4,1.0
5229,4,0.0
5230,0,2.0
5231,1,0.0
5232,4,0.0
5233,0,3.0
5234,4,0.0
5235,0,1.0
5236,4,0.0
5237,0,-2.0
5238,2,0.0
5239,4,1.0
5240,4,0.0
5241,4,0.0
5242,0,-1.0
5243,0,2.0
5244,4,1.0
5245,4,1.0
5246,0,0.0
5247,4,0.0
5248,0,0.0
5249,4,0.0
5250,4,1.0
5251,0,0.0
5252,4,1.0
5253,4,0.0
5254,0,-1.0
5255,0,2.0
5256,4,1.0
5257,4,1.0
5258,4,0.0
5259,4,1.0
5260,4,0.0
5261,0,0.0
5262,4,0.0
5263,0,0.0
5264,4,0.0
5265,4,0.0
5266,4,0.0
5267,0,1.0
5268,0,2.0
5269,4,2.0
5270,4,0.0
5271,0,2.0
5272,4,1.0
5273,1,1.0
5274,4,-1.0
5275,2,-2.0
5276,4,0.0
5277,0,1.0
5278,0,2.0
5279,4,1.0
5280,4,1.0
5281,4,0.0
5282,0,2.0
5283,4,0.0
5284,4,0.0
5285,0,2.0
5286,4,1.0
5287,4,1.0
5288,4,0.0
5289,0,2.0
5290,2,1.0
5291,4,1.0
5292,4,1.0
5293,0,1.0
5294,0,2.0
5295,4,1.0
5296,3,1.0
5297,4,0.0
5298,2,0.0
5299,0,2.0
5300,2,1.0
5301,4,2.0
5302,0,-1.0
5303,0,2.0
5304,4,0.0
5305,0,-1.0
5306,0,1.0
5307,0,1.0
5308,2,0.0
5309,0,2.0
5310,4,1.0
5311,4,0.0
5312,0,2.0
5313,0,-1.0
5314,4,3.0
5315,4,0.0
5316,0,1.0
5317,2,-1.0
5318,4,0.0
5319,4,1.0
5320,3,1.0
5321,4,0.0
5322,0,-1.0
5323,4,2.0
5324,0,0.0
5325,4,0.0
5326,0,1.0
5327,0,0.0
5328,4,1.0
5329,4,0.0
5330,0,2.0
5331,3,1.0
5332,0,-1.0
5333,4,1.0
5334,4,0.0
5335,0,3.0
5336,0,0.0
5337,4,0.0
5338,0,1.0
5339,0,1.0
5340,0,1.0
5341,2,1.0
5342,4,0.0
5343,4,0.0
5344,4,0.0
5345,0,0.0
5346,1,0.0
5347,0,1.0
5348,4,1.0
5349,4,3.0
5350,4,0.0
5351,2,-1.0
5352,4,0.0
5353,4,1.0
5354,0,-2.0
5355,0,0.0
5356,4,1.0
5357,4,0.0
5358,4,0.0
5359,2,-1.0
5360,4,0.0
5361,4,0.0
5362,0,1.0
5363,0,-2.0
5364,1,0.0
5365,4,1.0
5366,4,0.0
5367,4,1.0
5368,4,0.0
5369,3,0.0
5370,0,1.0
5371,0,1.0
5372,4,0.0
5373,0,3.0
5374,4,0.0
5375,0,2.0
5376,4,1.0
5377,4,1.0
5378,1,0.0
5379,2,-1.0
5380,4,0.0
5381,2,-1.0
5382,4,0.0
5383,4,1.0
5384,4,1.0
5385,4,1.0
5386,4,1.0
5387,4,0.0
5388,2,0.0
5389,0,1.0
5390,4,0.0
5391,0,2.0
5392,2,1.0
5393,4,0.0
5394,4,1.0
5395,1,2.0
5396,1,0.0
5397,4,0.0
5398,0,1.0
5399,0,2.0
5400,0,3.0
5401,4,0.0
5402,4,0.0
5403,2,-1.0
5404,4,1.0
5405,4,1.0
5406,4,0.0
5407,4,1.0
5408,4,1.0
5409,4,0.0
5410,1,-2.0
5411,0,3.0
5412,0,-1.0
5413,0,1.0
5414,4,1.0
5415,2,0.0
5416,4,1.0
5417,4,0.0
5418,0,0.0
5419,0,-1.0
5420,0,1.0
5421,0,0.0
5422,2,1.0
5423,4,0.0
5424,0,1.0
5425,0,1.0
5426,3,0.0
5427,4,0.0
5428,2,-2.0
5429,0,2.0
5430,4,0.0
5431,0,1.0
5432,0,0.0
5433,4,0.0
5434,0,1.0
5435,0,2.0
5436,4,0.0
5437,0,2.0
5438,2,1.0
5439,4,1.0
5440,0,-1.0
5441,0,2.0
5442,4,0.0
5443,0,2.0
5444,4,1.0
5445,4,0.0
5446,4,0.0
5447,0,1.0
5448,0,2.0
5449,0,-2.0
5450,4,0.0
5451,1,1.0
5452,2,1.0
5453,0,1.0
5454,2,0.0
5455,2,0.0
5456,0,1.0
5457,0,1.0
5458,4,0.0
5459,2,0.0
5460,4,1.0
5461,4,1.0
5462,4,0.0
5463,2,-2.0
5464,4,0.0
5465,4,0.0
5466,0,1.0
5467,0,2.0
5468,0,1.0
5469,0,2.0
5470,4,0.0
5471,4,1.0
5472,4,1.0
5473,0,-1.0
5474,4,1.0
5475,2,1.0
5476,4,0.0
5477,0,1.0
5478,4,1.0
5479,4,0.0
5480,4,1.0
5481,4,0.0
5482,4,1.0
5483,4,1.0
5484,0,0.0
5485,3,0.0
5486,4,0.0
5487,0,3.0
5488,4,1.0
5489,0,-1.0
5490,3,0.0
5491,0,-1.0
5492,0,-1.0
5493,0,2.0
5494,2,2.0
5495,4,1.0
5496,4,0.0
5497,0,-2.0
5498,0,-2.0
5499,0,1.0
5500,4,0.0
5501,0,0.0
5502,4,0.0
5503,4,1.0
5504,4,0.0
5505,0,-1.0
5506,4,0.0
5507,0,1.0
5508,2,1.0
5509,4,1.0
5510,3,0.0
5511,0,1.0
5512,0,2.0
5513,4,1.0
5514,4,0.0
5515,0,1.0
5516,0,3.0
5517,4,0.0
5518,0,-1.0
5519,4,0.0
5520,0,1.0
5521,0,3.0
5522,4,1.0
5523,4,0.0
5524,0,2.0
5525,4,1.0
5526,0,-1.0
5527,4,0.0
5528,0,-1.0
5529,4,0.0
5530,4,0.0
5531,2,-2.0
5532,4,0.0
5533,4,1.0
5534,4,1.0
5535,4,0.0
5536,1,0.0
5537,0,1.0
5538,0,1.0
5539,4,1.0
5540,4,1.0
5541,2,1.0
5542,2,0.0
5543,0,2.0
5544,4,0.0
5545,4,2.0
5546,0,-2.0
5547,2,0.0
5548,4,1.0
5549,4,0.0
5550,4,0.0
5551,4,0.0
5552,0,2.0
5553,2,0.0
5554,0,-2.0
5555,0,2.0
5556,4,0.0
5557,0,1.0
5558,0,0.0
5559,4,0.0
5560,2,0.0
5561,4,1.0
5562,4,1.0
5563,0,0.0
5564,0,-2.0
5565,4,0.0
5566,4,0.0
5567,0,1.0
5568,0,1.0
5569,0,0.0
5570,0,1.0
5571,0,1.0
5572,4,0.0
5573,4,1.0
5574,4,0.0
5575,0,2.0
5576,0,2.0
5577,4,0.0
5578,4,0.0
5579,0,-1.0
5580,4,0.0
5581,0,2.0
5582,4,1.0
5583,2,0.0
5584,2,0.0
5585,0,0.0
5586,4,0.0
5587,0,1.0
5588,0,1.0
5589,0,2.0
5590,4,1.0
5591,4,1.0
5592,1,1.0
5593,4,1.0
5594,4,1.0
5595,4,0.0
5596,0,2.0
5597,4,0.0
5598,0,1.0
5599,0,2.0
5600,4,0.0
5601,0,-1.0
5602,0,2.0
5603,4,1.0
5604,4,0.0
5605,3,0.0
5606,0,1.0
5607,4,2.0
5608,4,0.0
5609,0,1.0
5610,0,2.0
5611,2,-1.0
5612,4,1.0
5613,4,1.0
5614,0,-2.0
5615,4,1.0
5616,4,1.0
5617,4,0.0
5618,4,-1.0
5619,0,-2.0
5620,0,1.0
5621,0,1.0
5622,0,1.0
5623,4,1.0
5624,4,0.0
5625,0,0.0
5626,4,0.0
5627,0,-3.0
5628,0,1.0
5629,4,1.0
5630,4,0.0
5631,0,1.0
5632,0,1.0
5633,4,1.0
5634,4,0.0
5635,4,0.0
5636,0,1.0
5637,0,2.0
5638,4,1.0
5639,4,1.0
5640,2,2.0
5641,4,1.0
5642,0,-1.0
5643,4,1.0
5644,4,1.0
5645,4,1.0
5646,0,-1.0
5647,4,0.0
5648,0,1.0
5649,0,2.0
5650,4,0.0
5651,2,0.0
5652,3,-2.0
5653,0,-1.0
5654,4,0.0
5655,4,1.0
5656,4,1.0
5657,0,0.0
5658,4,1.0
5659,4,1.0
5660,4,0.0
5661,2,1.0
5662,4,1.0
5663,4,0.0
5664,0,1.0
5665,4,2.0
5666,0,-2.0
5667,0,2.0
5668,0,-1.0
5669,0,1.0
5670,0,1.0
5671,0,-1.0
5672,0,2.0
5673,2,-2.0
5674,1,0.0
5675,4,0.0
5676,1,2.0
5677,0,0.0
5678,4,0.0
5679,0,2.0
5680,4,0.0
5681,0,1.0
5682,4,0.0
5683,4,1.0
5684,0,2.0
5685,4,0.0
5686,0,2.0
5687,4,1.0
5688,4,1.0
5689,4,1.0
5690,1,0.0
5691,4,1.0
5692,4,0.0
5693,0,1.0
5694,2,-2.0
5695,4,-2.0
5696,4,1.0
5697,4,2.0
5698,4,0.0
5699,4,0.0
5700,4,0.0
5701,0,-2.0
5702,0,1.0
5703,0,1.0
5704,4,2.0
5705,0,0.0
5706,0,-2.0
5707,0,1.0
5708,0,0.0
5709,0,5.0
5710,4,1.0
5711,4,1.0
5712,4,0.0
5713,0,2.0
5714,4,1.0
5715,0,-1.0
5716,0,1.0
5717,0,2.0
5718,4,1.0
5719,4,0.0
5720,1,1.0
5721,4,0.0
5722,0,-1.0
5723,0,1.0
5724,0,1.0
5725,1,0.0
5726,0,2.0
5727,2,1.0
5728,4,0.0
5729,0,2.0
5730,2,0.0
5731,4,0.0
5732,0,1.0
5733,0,-1.0
5734,4,1.0
5735,4,0.0
5736,3,0.0
5737,4,0.0
5738,3,0.0
5739,0,2.0
5740,4,0.0
5741,4,0.0
5742,4,1.0
5743,4,1.0
5744,4,0.0
5745,0,2.0
5746,4,0.0
5747,0,1.0
5748,0,2.0
5749,4,1.0
5750,4,2.0
5751,2,-1.0
5752,4,0.0
5753,4,0.0
5754,0,0.0
5755,4,1.0
5756,4,1.0
5757,4,0.0
5758,2,1.0
5759,0,-1.0
5760,0,2.0
5761,4,0.0
5762,0,2.0
5763,4,0.0
5764,0,2.0
5765,3,0.0
5766,0,1.0
5767,0,2.0
5768,4,0.0
5769,0,-1.0
5770,0,2.0
5771,4,1.0
5772,4,1.0
5773,4,0.0
5774,0,2.0
5775,4,1.0
5776,4,2.0
5777,2,1.0
5778,4,0.0
5779,4,1.0
5780,2,0.0
5781,4,1.0
5782,4,0.0
5783,0,2.0
5784,4,0.0
5785,0,-3.0
5786,4,1.0
5787,4,0.0
5788,0,2.0
5789,4,0.0
5790,0,1.0
5791,0,1.0
5792,0,0.0
5793,0,1.0
5794,0,1.0
5795,1,0.0
5796,4,1.0
5797,4,0.0
5798,0,2.0
5799,4,0.0
5800,0,1.0
5801,0,-1.0
5802,4,0.0
5803,4,1.0
5804,4,1.0
5805,0,-1.0
5806,0,-1.0
5807,0,0.0
5808,4,1.0
5809,1,0.0
5810,0,1.0
5811,4,0.0
5812,2,1.0
5813,4,0.0
5814,4,0.0
5815,0,-1.0
5816,2,-2.0
5817,4,0.0
5818,0,1.0
5819,0,2.0
5820,4,1.0
5821,4,0.0
5822,0,1.0
5823,4,0.0
5824,0,2.0
5825,4,2.0
5826,2,1.0
5827,4,1.0
5828,0,0.0
5829,4,0.0
5830,4,0.0
5831,3,0.0
5832,0,2.0
5833,4,0.0
5834,0,1.0
5835,0,1.0
5836,0,2.0
5837,0,1.0
5838,0,2.0
5839,2,-1.0
5840,4,1.0
5841,0,0.0
5842,0,2.0
5843,0,-1.0
5844,4,1.0
5845,2,0.0
5846,0,2.0
5847,4,1.0
5848,4,0.0
5849,4,0.0
5850,3,1.0
5851,4,0.0
5852,4,1.0
5853,2,0.0
5854,0,-1.0
5855,2,0.0
5856,0,1.0
5857,0,-2.0
5858,0,1.0
5859,4,0.0
5860,0,2.0
5861,4,0.0
5862,3,0.0
5863,0,-1.0
5864,4,0.0
5865,0,2.0
5866,2,0.0
5867,2,-2.0
5868,0,2.0
5869,0,-2.0
5870,0,1.0
5871,0,-1.0
5872,0,-2.0
5873,4,1.0
5874,0,-1.0
5875,0,-1.0
5876,0,-1.0
5877,2,0.0
5878,4,0.0
5879,4,0.0
5880,4,0.0
5881,0,1.0
5882,0,2.0
5883,4,1.0
5884,4,0.0
5885,0,2.0
5886,0,0.0
5887,2,0.0
5888,4,0.0
5889,0,2.0
5890,2,0.0
5891,4,2.0
5892,0,2.0
5893,4,1.0
5894,4,0.0
5895,0,1.0
5896,3,1.0
5897,0,-2.0
5898,0,2.0
5899,4,1.0
5900,4,1.0
5901,4,0.0
5902,3,0.0
5903,0,-1.0
5904,4,0.0
5905,4,0.0
5906,0,0.0
5907,4,1.0
5908,4,0.0
5909,0,-2.0
5910,4,0.0
5911,0,1.0
5912,0,-1.0
5913,0,2.0
5914,4,0.0
5915,4,0.0
5916,4,0.0
5917,4,1.0
5918,0,2.0
5919,4,0.0
5920,3,0.0
5921,2,0.0
5922,0,2.0
5923,0,2.0
5924,2,1.0
5925,2,-1.0
5926,4,0.0
5927,0,2.0
5928,4,1.0
5929,4,0.0
5930,0,1.0
5931,4,0.0
5932,0,2.0
5933,4,0.0
5934,0,2.0
5935,4,1.0
5936,4,0.0
5937,4,1.0
5938,3,0.0
5939,4,1.0
5940,4,1.0
5941,4,0.0
5942,0,-1.0
5943,4,1.0
5944,4,1.0
5945,0,0.0
5946,4,0.0
5947,0,2.0
5948,4,0.0
5949,4,1.0
5950,4,0.0
5951,0,3.0
5952,2,-2.0
5953,4,0.0
5954,4,1.0
5955,4,1.0
5956,0,-2.0
5957,0,-1.0
5958,0,0.0
5959,4,2.0
5960,4,0.0
5961,0,-1.0
5962,0,-1.0
5963,0,-2.0
5964,0,1.0
5965,0,0.0
5966,4,1.0
5967,4,0.0
5968,0,1.0
5969,3,0.0
5970,0,0.0
5971,2,0.0
5972,0,1.0
5973,4,0.0
5974,3,1.0
5975,0,0.0
5976,4,2.0
5977,4,1.0
5978,4,2.0
5979,4,0.0
5980,4,1.0
5981,2,1.0
5982,4,1.0
5983,2,0.0
5984,4,0.0
5985,0,0.0
5986,4,0.0
5987,0,2.0
5988,4,0.0
5989,0,2.0
5990,4,0.0
5991,4,0.0
5992,4,2.0
5993,4,-1.0
5994,0,1.0
5995,0,2.0
5996,4,1.0
5997,4,0.0
5998,4,1.0
5999,2,0.0
